lab,likelihood,gender,condition
1,1,male,unprepared
1,1,male,unprepared
1,1,male,unprepared
1,1,male,unprepared
1,1,male,unprepared
1,2,male,unprepared
1,2,male,unprepared
1,2,male,unprepared
1,2,male,unprepared
1,2,male,unprepared
1,2,male,unprepared
1,3,male,unprepared
1,3,male,unprepared
1,4,male,unprepared
1,4,male,unprepared
1,5,male,unprepared
1,5,male,unprepared
1,5,male,unprepared
1,5,male,unprepared
1,6,male,unprepared
1,9,male,unprepared
1,9,male,unprepared
1,10,male,unprepared
1,1,female,unprepared
1,2,female,unprepared
1,2,female,unprepared
1,2,female,unprepared
1,3,female,unprepared
1,4,female,unprepared
1,4,female,unprepared
1,4,female,unprepared
1,4,female,unprepared
1,5,female,unprepared
1,5,female,unprepared
1,5,female,unprepared
1,5,female,unprepared
1,6,female,unprepared
1,6,female,unprepared
1,6,female,unprepared
1,7,female,unprepared
1,7,female,unprepared
1,9,female,unprepared
1,9,female,unprepared
1,9,female,unprepared
1,9,female,unprepared
1,9,female,unprepared
1,10,female,unprepared
1,1,male,prepared
1,2,male,prepared
1,2,male,prepared
1,2,male,prepared
1,2,male,prepared
1,3,male,prepared
1,3,male,prepared
1,3,male,prepared
1,3,male,prepared
1,3,male,prepared
1,5,male,prepared
1,7,male,prepared
1,7,male,prepared
1,8,male,prepared
1,1,female,prepared
1,1,female,prepared
1,1,female,prepared
1,1,female,prepared
1,1,female,prepared
1,2,female,prepared
1,2,female,prepared
1,2,female,prepared
1,3,female,prepared
1,3,female,prepared
1,3,female,prepared
1,4,female,prepared
1,4,female,prepared
1,4,female,prepared
1,5,female,prepared
1,5,female,prepared
1,5,female,prepared
1,5,female,prepared
1,6,female,prepared
1,6,female,prepared
1,7,female,prepared
1,7,female,prepared
1,8,female,prepared
1,10,female,prepared
2,1,male,unprepared
2,1,male,unprepared
2,1,male,unprepared
2,2,male,unprepared
2,2,male,unprepared
2,2,male,unprepared
2,3,male,unprepared
2,3,male,unprepared
2,3,male,unprepared
2,3,male,unprepared
2,3,male,unprepared
2,3,male,unprepared
2,4,male,unprepared
2,5,male,unprepared
2,5,male,unprepared
2,5,male,unprepared
2,5,male,unprepared
2,5,male,unprepared
2,5,male,unprepared
2,5,male,unprepared
2,5,male,unprepared
2,5,male,unprepared
2,6,male,unprepared
2,6,male,unprepared
2,6,male,unprepared
2,6,male,unprepared
2,6,male,unprepared
2,6,male,unprepared
2,7,male,unprepared
2,7,male,unprepared
2,7,male,unprepared
2,7,male,unprepared
2,7,male,unprepared
2,7,male,unprepared
2,8,male,unprepared
2,8,male,unprepared
2,8,male,unprepared
2,9,male,unprepared
2,9,male,unprepared
2,10,male,unprepared
2,2,female,unprepared
2,2,female,unprepared
2,2,female,unprepared
2,2,female,unprepared
2,3,female,unprepared
2,3,female,unprepared
2,4,female,unprepared
2,4,female,unprepared
2,4,female,unprepared
2,5,female,unprepared
2,5,female,unprepared
2,5,female,unprepared
2,5,female,unprepared
2,5,female,unprepared
2,5,female,unprepared
2,5,female,unprepared
2,5,female,unprepared
2,5,female,unprepared
2,5,female,unprepared
2,5,female,unprepared
2,5,female,unprepared
2,6,female,unprepared
2,6,female,unprepared
2,6,female,unprepared
2,7,female,unprepared
2,7,female,unprepared
2,7,female,unprepared
2,7,female,unprepared
2,7,female,unprepared
2,7,female,unprepared
2,7,female,unprepared
2,8,female,unprepared
2,8,female,unprepared
2,8,female,unprepared
2,9,female,unprepared
2,9,female,unprepared
2,10,female,unprepared
2,10,female,unprepared
2,10,female,unprepared
2,1,male,prepared
2,1,male,prepared
2,1,male,prepared
2,1,male,prepared
2,1,male,prepared
2,1,male,prepared
2,1,male,prepared
2,1,male,prepared
2,2,male,prepared
2,2,male,prepared
2,2,male,prepared
2,2,male,prepared
2,3,male,prepared
2,3,male,prepared
2,3,male,prepared
2,3,male,prepared
2,3,male,prepared
2,3,male,prepared
2,3,male,prepared
2,3,male,prepared
2,3,male,prepared
2,3,male,prepared
2,4,male,prepared
2,4,male,prepared
2,4,male,prepared
2,4,male,prepared
2,4,male,prepared
2,5,male,prepared
2,5,male,prepared
2,5,male,prepared
2,5,male,prepared
2,5,male,prepared
2,5,male,prepared
2,5,male,prepared
2,5,male,prepared
2,6,male,prepared
2,7,male,prepared
2,7,male,prepared
2,7,male,prepared
2,8,male,prepared
2,8,male,prepared
2,8,male,prepared
2,10,male,prepared
2,10,male,prepared
2,1,female,prepared
2,1,female,prepared
2,2,female,prepared
2,2,female,prepared
2,2,female,prepared
2,2,female,prepared
2,2,female,prepared
2,3,female,prepared
2,3,female,prepared
2,3,female,prepared
2,3,female,prepared
2,3,female,prepared
2,3,female,prepared
2,3,female,prepared
2,3,female,prepared
2,4,female,prepared
2,4,female,prepared
2,4,female,prepared
2,4,female,prepared
2,4,female,prepared
2,4,female,prepared
2,4,female,prepared
2,5,female,prepared
2,5,female,prepared
2,5,female,prepared
2,5,female,prepared
2,5,female,prepared
2,5,female,prepared
2,5,female,prepared
2,5,female,prepared
2,5,female,prepared
2,5,female,prepared
2,5,female,prepared
2,5,female,prepared
2,5,female,prepared
2,5,female,prepared
2,5,female,prepared
2,5,female,prepared
2,5,female,prepared
2,6,female,prepared
2,6,female,prepared
2,6,female,prepared
2,6,female,prepared
2,7,female,prepared
2,7,female,prepared
2,8,female,prepared
2,8,female,prepared
2,9,female,prepared
2,9,female,prepared
2,10,female,prepared
2,10,female,prepared
2,10,female,prepared
2,10,female,prepared
3,1,male,unprepared
3,1,male,unprepared
3,1,male,unprepared
3,2,male,unprepared
3,2,male,unprepared
3,2,male,unprepared
3,2,male,unprepared
3,2,male,unprepared
3,2,male,unprepared
3,2,male,unprepared
3,3,male,unprepared
3,3,male,unprepared
3,3,male,unprepared
3,4,male,unprepared
3,4,male,unprepared
3,5,male,unprepared
3,5,male,unprepared
3,5,male,unprepared
3,6,male,unprepared
3,8,male,unprepared
3,10,male,unprepared
3,10,male,unprepared
3,2,female,unprepared
3,2,female,unprepared
3,3,female,unprepared
3,3,female,unprepared
3,4,female,unprepared
3,4,female,unprepared
3,4,female,unprepared
3,5,female,unprepared
3,5,female,unprepared
3,5,female,unprepared
3,5,female,unprepared
3,5,female,unprepared
3,5,female,unprepared
3,6,female,unprepared
3,7,female,unprepared
3,8,female,unprepared
3,8,female,unprepared
3,8,female,unprepared
3,8,female,unprepared
3,8,female,unprepared
3,9,female,unprepared
3,10,female,unprepared
3,1,male,prepared
3,1,male,prepared
3,2,male,prepared
3,2,male,prepared
3,2,male,prepared
3,2,male,prepared
3,2,male,prepared
3,2,male,prepared
3,2,male,prepared
3,3,male,prepared
3,3,male,prepared
3,3,male,prepared
3,4,male,prepared
3,4,male,prepared
3,4,male,prepared
3,5,male,prepared
3,5,male,prepared
3,5,male,prepared
3,5,male,prepared
3,6,male,prepared
3,7,male,prepared
3,7,male,prepared
3,8,male,prepared
3,8,male,prepared
3,8,male,prepared
3,8,male,prepared
3,8,male,prepared
3,9,male,prepared
3,10,male,prepared
3,10,male,prepared
3,10,male,prepared
3,1,female,prepared
3,2,female,prepared
3,2,female,prepared
3,3,female,prepared
3,3,female,prepared
3,3,female,prepared
3,3,female,prepared
3,3,female,prepared
3,3,female,prepared
3,4,female,prepared
3,4,female,prepared
3,4,female,prepared
3,4,female,prepared
3,4,female,prepared
3,5,female,prepared
3,5,female,prepared
3,5,female,prepared
3,5,female,prepared
3,5,female,prepared
3,6,female,prepared
3,6,female,prepared
3,6,female,prepared
3,6,female,prepared
3,6,female,prepared
3,6,female,prepared
3,8,female,prepared
4,1,male,unprepared
4,1,male,unprepared
4,1,male,unprepared
4,1,male,unprepared
4,2,male,unprepared
4,3,male,unprepared
4,4,male,unprepared
4,5,male,unprepared
4,5,male,unprepared
4,5,male,unprepared
4,5,male,unprepared
4,5,male,unprepared
4,6,male,unprepared
4,6,male,unprepared
4,7,male,unprepared
4,7,male,unprepared
4,7,male,unprepared
4,7,male,unprepared
4,8,male,unprepared
4,8,male,unprepared
4,8,male,unprepared
4,1,female,unprepared
4,1,female,unprepared
4,1,female,unprepared
4,1,female,unprepared
4,2,female,unprepared
4,2,female,unprepared
4,2,female,unprepared
4,2,female,unprepared
4,2,female,unprepared
4,3,female,unprepared
4,3,female,unprepared
4,3,female,unprepared
4,3,female,unprepared
4,3,female,unprepared
4,3,female,unprepared
4,3,female,unprepared
4,4,female,unprepared
4,4,female,unprepared
4,4,female,unprepared
4,4,female,unprepared
4,4,female,unprepared
4,4,female,unprepared
4,4,female,unprepared
4,4,female,unprepared
4,4,female,unprepared
4,4,female,unprepared
4,4,female,unprepared
4,4,female,unprepared
4,5,female,unprepared
4,5,female,unprepared
4,5,female,unprepared
4,5,female,unprepared
4,5,female,unprepared
4,5,female,unprepared
4,5,female,unprepared
4,5,female,unprepared
4,5,female,unprepared
4,5,female,unprepared
4,5,female,unprepared
4,5,female,unprepared
4,5,female,unprepared
4,6,female,unprepared
4,6,female,unprepared
4,6,female,unprepared
4,6,female,unprepared
4,6,female,unprepared
4,6,female,unprepared
4,7,female,unprepared
4,7,female,unprepared
4,7,female,unprepared
4,7,female,unprepared
4,7,female,unprepared
4,8,female,unprepared
4,8,female,unprepared
4,8,female,unprepared
4,9,female,unprepared
4,9,female,unprepared
4,9,female,unprepared
4,9,female,unprepared
4,10,female,unprepared
4,10,female,unprepared
4,1,male,prepared
4,1,male,prepared
4,1,male,prepared
4,2,male,prepared
4,2,male,prepared
4,2,male,prepared
4,2,male,prepared
4,3,male,prepared
4,3,male,prepared
4,3,male,prepared
4,3,male,prepared
4,3,male,prepared
4,5,male,prepared
4,5,male,prepared
4,5,male,prepared
4,6,male,prepared
4,6,male,prepared
4,1,female,prepared
4,1,female,prepared
4,1,female,prepared
4,1,female,prepared
4,1,female,prepared
4,1,female,prepared
4,1,female,prepared
4,1,female,prepared
4,1,female,prepared
4,1,female,prepared
4,1,female,prepared
4,1,female,prepared
4,1,female,prepared
4,2,female,prepared
4,2,female,prepared
4,2,female,prepared
4,2,female,prepared
4,2,female,prepared
4,2,female,prepared
4,2,female,prepared
4,2,female,prepared
4,2,female,prepared
4,2,female,prepared
4,3,female,prepared
4,3,female,prepared
4,3,female,prepared
4,3,female,prepared
4,3,female,prepared
4,3,female,prepared
4,3,female,prepared
4,3,female,prepared
4,3,female,prepared
4,3,female,prepared
4,3,female,prepared
4,3,female,prepared
4,3,female,prepared
4,3,female,prepared
4,3,female,prepared
4,4,female,prepared
4,4,female,prepared
4,4,female,prepared
4,4,female,prepared
4,4,female,prepared
4,4,female,prepared
4,4,female,prepared
4,4,female,prepared
4,5,female,prepared
4,5,female,prepared
4,5,female,prepared
4,5,female,prepared
4,5,female,prepared
4,5,female,prepared
4,5,female,prepared
4,5,female,prepared
4,5,female,prepared
4,5,female,prepared
4,6,female,prepared
4,6,female,prepared
4,6,female,prepared
4,6,female,prepared
4,6,female,prepared
4,6,female,prepared
4,6,female,prepared
4,6,female,prepared
4,7,female,prepared
4,7,female,prepared
4,7,female,prepared
4,7,female,prepared
4,7,female,prepared
4,7,female,prepared
4,8,female,prepared
4,8,female,prepared
4,8,female,prepared
4,9,female,prepared
4,9,female,prepared
4,10,female,prepared
5,1,male,unprepared
5,1,male,unprepared
5,2,male,unprepared
5,2,male,unprepared
5,3,male,unprepared
5,3,male,unprepared
5,3,male,unprepared
5,4,male,unprepared
5,4,male,unprepared
5,5,male,unprepared
5,7,male,unprepared
5,1,female,unprepared
5,1,female,unprepared
5,1,female,unprepared
5,1,female,unprepared
5,1,female,unprepared
5,2,female,unprepared
5,2,female,unprepared
5,2,female,unprepared
5,2,female,unprepared
5,2,female,unprepared
5,2,female,unprepared
5,2,female,unprepared
5,3,female,unprepared
5,3,female,unprepared
5,3,female,unprepared
5,3,female,unprepared
5,3,female,unprepared
5,3,female,unprepared
5,3,female,unprepared
5,3,female,unprepared
5,3,female,unprepared
5,3,female,unprepared
5,3,female,unprepared
5,4,female,unprepared
5,5,female,unprepared
5,5,female,unprepared
5,5,female,unprepared
5,5,female,unprepared
5,5,female,unprepared
5,5,female,unprepared
5,6,female,unprepared
5,6,female,unprepared
5,7,female,unprepared
5,7,female,unprepared
5,7,female,unprepared
5,7,female,unprepared
5,7,female,unprepared
5,7,female,unprepared
5,7,female,unprepared
5,8,female,unprepared
5,8,female,unprepared
5,8,female,unprepared
5,10,female,unprepared
5,10,female,unprepared
5,10,female,unprepared
5,1,male,prepared
5,1,male,prepared
5,1,male,prepared
5,2,male,prepared
5,3,male,prepared
5,5,male,prepared
5,6,male,prepared
5,6,male,prepared
5,6,male,prepared
5,7,male,prepared
5,1,female,prepared
5,1,female,prepared
5,1,female,prepared
5,1,female,prepared
5,1,female,prepared
5,1,female,prepared
5,1,female,prepared
5,1,female,prepared
5,1,female,prepared
5,1,female,prepared
5,2,female,prepared
5,2,female,prepared
5,2,female,prepared
5,3,female,prepared
5,3,female,prepared
5,3,female,prepared
5,3,female,prepared
5,3,female,prepared
5,3,female,prepared
5,3,female,prepared
5,3,female,prepared
5,3,female,prepared
5,4,female,prepared
5,4,female,prepared
5,4,female,prepared
5,4,female,prepared
5,4,female,prepared
5,4,female,prepared
5,5,female,prepared
5,5,female,prepared
5,5,female,prepared
5,5,female,prepared
5,5,female,prepared
5,5,female,prepared
5,5,female,prepared
5,5,female,prepared
5,5,female,prepared
5,5,female,prepared
5,6,female,prepared
5,6,female,prepared
5,6,female,prepared
5,6,female,prepared
5,7,female,prepared
5,7,female,prepared
5,7,female,prepared
5,7,female,prepared
5,8,female,prepared
5,8,female,prepared
5,9,female,prepared
5,9,female,prepared
6,1,male,unprepared
6,1,male,unprepared
6,2,male,unprepared
6,2,male,unprepared
6,3,male,unprepared
6,3,male,unprepared
6,4,male,unprepared
6,4,male,unprepared
6,5,male,unprepared
6,5,male,unprepared
6,6,male,unprepared
6,7,male,unprepared
6,7,male,unprepared
6,7,male,unprepared
6,9,male,unprepared
6,2,female,unprepared
6,2,female,unprepared
6,2,female,unprepared
6,3,female,unprepared
6,3,female,unprepared
6,3,female,unprepared
6,4,female,unprepared
6,4,female,unprepared
6,4,female,unprepared
6,4,female,unprepared
6,5,female,unprepared
6,5,female,unprepared
6,5,female,unprepared
6,5,female,unprepared
6,5,female,unprepared
6,6,female,unprepared
6,6,female,unprepared
6,6,female,unprepared
6,7,female,unprepared
6,7,female,unprepared
6,8,female,unprepared
6,10,female,unprepared
6,10,female,unprepared
6,10,female,unprepared
6,10,female,unprepared
6,10,female,unprepared
6,1,male,prepared
6,2,male,prepared
6,3,male,prepared
6,3,male,prepared
6,3,male,prepared
6,3,male,prepared
6,4,male,prepared
6,4,male,prepared
6,5,male,prepared
6,5,male,prepared
6,7,male,prepared
6,7,male,prepared
6,7,male,prepared
6,9,male,prepared
6,1,female,prepared
6,2,female,prepared
6,2,female,prepared
6,2,female,prepared
6,2,female,prepared
6,3,female,prepared
6,3,female,prepared
6,3,female,prepared
6,4,female,prepared
6,4,female,prepared
6,4,female,prepared
6,4,female,prepared
6,4,female,prepared
6,5,female,prepared
6,5,female,prepared
6,5,female,prepared
6,5,female,prepared
6,5,female,prepared
6,5,female,prepared
6,5,female,prepared
6,5,female,prepared
6,6,female,prepared
6,6,female,prepared
6,6,female,prepared
6,6,female,prepared
6,6,female,prepared
6,7,female,prepared
6,7,female,prepared
6,8,female,prepared
6,8,female,prepared
6,8,female,prepared
6,10,female,prepared
7,1,male,unprepared
7,2,male,unprepared
7,2,male,unprepared
7,2,male,unprepared
7,2,male,unprepared
7,3,male,unprepared
7,3,male,unprepared
7,4,male,unprepared
7,4,male,unprepared
7,4,male,unprepared
7,5,male,unprepared
7,5,male,unprepared
7,5,male,unprepared
7,5,male,unprepared
7,5,male,unprepared
7,6,male,unprepared
7,6,male,unprepared
7,6,male,unprepared
7,7,male,unprepared
7,9,male,unprepared
7,10,male,unprepared
7,1,female,unprepared
7,1,female,unprepared
7,1,female,unprepared
7,2,female,unprepared
7,2,female,unprepared
7,2,female,unprepared
7,2,female,unprepared
7,3,female,unprepared
7,3,female,unprepared
7,3,female,unprepared
7,3,female,unprepared
7,4,female,unprepared
7,4,female,unprepared
7,4,female,unprepared
7,4,female,unprepared
7,4,female,unprepared
7,4,female,unprepared
7,4,female,unprepared
7,4,female,unprepared
7,4,female,unprepared
7,4,female,unprepared
7,5,female,unprepared
7,5,female,unprepared
7,5,female,unprepared
7,5,female,unprepared
7,6,female,unprepared
7,6,female,unprepared
7,6,female,unprepared
7,6,female,unprepared
7,7,female,unprepared
7,7,female,unprepared
7,7,female,unprepared
7,7,female,unprepared
7,7,female,unprepared
7,7,female,unprepared
7,7,female,unprepared
7,10,female,unprepared
7,10,female,unprepared
7,1,male,prepared
7,1,male,prepared
7,1,male,prepared
7,1,male,prepared
7,2,male,prepared
7,2,male,prepared
7,3,male,prepared
7,3,male,prepared
7,4,male,prepared
7,4,male,prepared
7,4,male,prepared
7,4,male,prepared
7,4,male,prepared
7,5,male,prepared
7,5,male,prepared
7,5,male,prepared
7,5,male,prepared
7,6,male,prepared
7,6,male,prepared
7,6,male,prepared
7,7,male,prepared
7,7,male,prepared
7,7,male,prepared
7,7,male,prepared
7,7,male,prepared
7,8,male,prepared
7,8,male,prepared
7,1,female,prepared
7,1,female,prepared
7,1,female,prepared
7,1,female,prepared
7,1,female,prepared
7,1,female,prepared
7,1,female,prepared
7,2,female,prepared
7,2,female,prepared
7,2,female,prepared
7,2,female,prepared
7,2,female,prepared
7,2,female,prepared
7,2,female,prepared
7,3,female,prepared
7,3,female,prepared
7,3,female,prepared
7,3,female,prepared
7,3,female,prepared
7,3,female,prepared
7,3,female,prepared
7,3,female,prepared
7,3,female,prepared
7,3,female,prepared
7,3,female,prepared
7,3,female,prepared
7,3,female,prepared
7,4,female,prepared
7,4,female,prepared
7,4,female,prepared
7,4,female,prepared
7,4,female,prepared
7,4,female,prepared
7,5,female,prepared
7,5,female,prepared
7,5,female,prepared
7,5,female,prepared
7,5,female,prepared
7,6,female,prepared
7,6,female,prepared
7,6,female,prepared
7,6,female,prepared
7,7,female,prepared
7,7,female,prepared
7,7,female,prepared
7,8,female,prepared
7,8,female,prepared
8,1,male,unprepared
8,1,male,unprepared
8,1,male,unprepared
8,3,male,unprepared
8,5,male,unprepared
8,5,male,unprepared
8,5,male,unprepared
8,5,male,unprepared
8,7,male,unprepared
8,7,male,unprepared
8,9,male,unprepared
8,1,female,unprepared
8,1,female,unprepared
8,1,female,unprepared
8,1,female,unprepared
8,2,female,unprepared
8,2,female,unprepared
8,2,female,unprepared
8,2,female,unprepared
8,2,female,unprepared
8,2,female,unprepared
8,2,female,unprepared
8,2,female,unprepared
8,2,female,unprepared
8,3,female,unprepared
8,3,female,unprepared
8,3,female,unprepared
8,3,female,unprepared
8,3,female,unprepared
8,3,female,unprepared
8,4,female,unprepared
8,4,female,unprepared
8,4,female,unprepared
8,4,female,unprepared
8,4,female,unprepared
8,5,female,unprepared
8,5,female,unprepared
8,5,female,unprepared
8,5,female,unprepared
8,5,female,unprepared
8,6,female,unprepared
8,6,female,unprepared
8,6,female,unprepared
8,6,female,unprepared
8,6,female,unprepared
8,7,female,unprepared
8,7,female,unprepared
8,7,female,unprepared
8,7,female,unprepared
8,8,female,unprepared
8,8,female,unprepared
8,8,female,unprepared
8,8,female,unprepared
8,1,male,prepared
8,1,male,prepared
8,1,male,prepared
8,1,male,prepared
8,2,male,prepared
8,2,male,prepared
8,2,male,prepared
8,2,male,prepared
8,4,male,prepared
8,5,male,prepared
8,5,male,prepared
8,6,male,prepared
8,7,male,prepared
8,7,male,prepared
8,7,male,prepared
8,8,male,prepared
8,9,male,prepared
8,1,female,prepared
8,1,female,prepared
8,1,female,prepared
8,1,female,prepared
8,1,female,prepared
8,1,female,prepared
8,1,female,prepared
8,1,female,prepared
8,1,female,prepared
8,1,female,prepared
8,2,female,prepared
8,2,female,prepared
8,2,female,prepared
8,2,female,prepared
8,2,female,prepared
8,2,female,prepared
8,2,female,prepared
8,3,female,prepared
8,3,female,prepared
8,3,female,prepared
8,3,female,prepared
8,3,female,prepared
8,3,female,prepared
8,3,female,prepared
8,4,female,prepared
8,4,female,prepared
8,4,female,prepared
8,4,female,prepared
8,4,female,prepared
8,5,female,prepared
8,5,female,prepared
8,5,female,prepared
8,5,female,prepared
8,5,female,prepared
8,5,female,prepared
8,5,female,prepared
8,6,female,prepared
8,6,female,prepared
8,6,female,prepared
8,6,female,prepared
8,6,female,prepared
8,6,female,prepared
8,6,female,prepared
8,6,female,prepared
8,6,female,prepared
8,6,female,prepared
8,7,female,prepared
8,7,female,prepared
8,8,female,prepared
8,8,female,prepared
8,9,female,prepared
9,1,male,unprepared
9,2,male,unprepared
9,2,male,unprepared
9,4,male,unprepared
9,6,male,unprepared
9,6,male,unprepared
9,6,male,unprepared
9,6,male,unprepared
9,7,male,unprepared
9,7,male,unprepared
9,8,male,unprepared
9,9,male,unprepared
9,9,male,unprepared
9,1,female,unprepared
9,2,female,unprepared
9,2,female,unprepared
9,3,female,unprepared
9,3,female,unprepared
9,3,female,unprepared
9,3,female,unprepared
9,3,female,unprepared
9,3,female,unprepared
9,4,female,unprepared
9,4,female,unprepared
9,5,female,unprepared
9,5,female,unprepared
9,5,female,unprepared
9,5,female,unprepared
9,5,female,unprepared
9,5,female,unprepared
9,6,female,unprepared
9,6,female,unprepared
9,6,female,unprepared
9,6,female,unprepared
9,6,female,unprepared
9,6,female,unprepared
9,7,female,unprepared
9,7,female,unprepared
9,7,female,unprepared
9,8,female,unprepared
9,8,female,unprepared
9,9,female,unprepared
9,10,female,unprepared
9,1,male,prepared
9,1,male,prepared
9,2,male,prepared
9,3,male,prepared
9,3,male,prepared
9,3,male,prepared
9,3,male,prepared
9,4,male,prepared
9,4,male,prepared
9,5,male,prepared
9,5,male,prepared
9,7,male,prepared
9,7,male,prepared
9,7,male,prepared
9,7,male,prepared
9,7,male,prepared
9,10,male,prepared
9,1,female,prepared
9,1,female,prepared
9,2,female,prepared
9,2,female,prepared
9,2,female,prepared
9,2,female,prepared
9,2,female,prepared
9,2,female,prepared
9,3,female,prepared
9,3,female,prepared
9,3,female,prepared
9,3,female,prepared
9,4,female,prepared
9,4,female,prepared
9,5,female,prepared
9,5,female,prepared
9,5,female,prepared
9,5,female,prepared
9,5,female,prepared
9,5,female,prepared
9,6,female,prepared
9,6,female,prepared
9,6,female,prepared
9,6,female,prepared
9,7,female,prepared
9,8,female,prepared
9,8,female,prepared
9,10,female,prepared
9,10,female,prepared
10,1,male,unprepared
10,1,male,unprepared
10,1,male,unprepared
10,2,male,unprepared
10,3,male,unprepared
10,3,male,unprepared
10,3,male,unprepared
10,4,male,unprepared
10,4,male,unprepared
10,4,male,unprepared
10,5,male,unprepared
10,5,male,unprepared
10,5,male,unprepared
10,5,male,unprepared
10,6,male,unprepared
10,6,male,unprepared
10,6,male,unprepared
10,6,male,unprepared
10,6,male,unprepared
10,6,male,unprepared
10,6,male,unprepared
10,6,male,unprepared
10,7,male,unprepared
10,7,male,unprepared
10,7,male,unprepared
10,7,male,unprepared
10,7,male,unprepared
10,8,male,unprepared
10,9,male,unprepared
10,9,male,unprepared
10,9,male,unprepared
10,9,male,unprepared
10,10,male,unprepared
10,10,male,unprepared
10,1,female,unprepared
10,2,female,unprepared
10,2,female,unprepared
10,3,female,unprepared
10,3,female,unprepared
10,3,female,unprepared
10,4,female,unprepared
10,4,female,unprepared
10,4,female,unprepared
10,4,female,unprepared
10,4,female,unprepared
10,5,female,unprepared
10,5,female,unprepared
10,5,female,unprepared
10,5,female,unprepared
10,5,female,unprepared
10,5,female,unprepared
10,5,female,unprepared
10,5,female,unprepared
10,5,female,unprepared
10,5,female,unprepared
10,5,female,unprepared
10,5,female,unprepared
10,5,female,unprepared
10,5,female,unprepared
10,6,female,unprepared
10,6,female,unprepared
10,6,female,unprepared
10,6,female,unprepared
10,6,female,unprepared
10,6,female,unprepared
10,6,female,unprepared
10,7,female,unprepared
10,7,female,unprepared
10,7,female,unprepared
10,7,female,unprepared
10,7,female,unprepared
10,7,female,unprepared
10,8,female,unprepared
10,8,female,unprepared
10,8,female,unprepared
10,8,female,unprepared
10,8,female,unprepared
10,8,female,unprepared
10,8,female,unprepared
10,9,female,unprepared
10,9,female,unprepared
10,10,female,unprepared
10,1,male,prepared
10,1,male,prepared
10,1,male,prepared
10,1,male,prepared
10,1,male,prepared
10,1,male,prepared
10,2,male,prepared
10,2,male,prepared
10,2,male,prepared
10,2,male,prepared
10,3,male,prepared
10,3,male,prepared
10,3,male,prepared
10,3,male,prepared
10,3,male,prepared
10,3,male,prepared
10,4,male,prepared
10,4,male,prepared
10,5,male,prepared
10,5,male,prepared
10,5,male,prepared
10,5,male,prepared
10,5,male,prepared
10,5,male,prepared
10,6,male,prepared
10,6,male,prepared
10,6,male,prepared
10,7,male,prepared
10,7,male,prepared
10,7,male,prepared
10,7,male,prepared
10,8,male,prepared
10,8,male,prepared
10,8,male,prepared
10,9,male,prepared
10,9,male,prepared
10,9,male,prepared
10,10,male,prepared
10,10,male,prepared
10,10,male,prepared
10,10,male,prepared
10,10,male,prepared
10,10,male,prepared
10,1,female,prepared
10,1,female,prepared
10,1,female,prepared
10,1,female,prepared
10,3,female,prepared
10,3,female,prepared
10,4,female,prepared
10,4,female,prepared
10,5,female,prepared
10,5,female,prepared
10,5,female,prepared
10,5,female,prepared
10,5,female,prepared
10,5,female,prepared
10,5,female,prepared
10,5,female,prepared
10,5,female,prepared
10,5,female,prepared
10,5,female,prepared
10,5,female,prepared
10,5,female,prepared
10,5,female,prepared
10,5,female,prepared
10,5,female,prepared
10,5,female,prepared
10,5,female,prepared
10,5,female,prepared
10,5,female,prepared
10,5,female,prepared
10,5,female,prepared
10,6,female,prepared
10,6,female,prepared
10,6,female,prepared
10,6,female,prepared
10,6,female,prepared
10,6,female,prepared
10,6,female,prepared
10,6,female,prepared
10,6,female,prepared
10,7,female,prepared
10,7,female,prepared
10,7,female,prepared
10,7,female,prepared
10,7,female,prepared
10,7,female,prepared
10,7,female,prepared
10,7,female,prepared
10,7,female,prepared
10,8,female,prepared
10,8,female,prepared
10,8,female,prepared
10,9,female,prepared
10,9,female,prepared
10,9,female,prepared
10,10,female,prepared
10,10,female,prepared
10,10,female,prepared
10,10,female,prepared
10,10,female,prepared
10,10,female,prepared
11,1,male,unprepared
11,1,male,unprepared
11,1,male,unprepared
11,2,male,unprepared
11,3,male,unprepared
11,3,male,unprepared
11,4,male,unprepared
11,5,male,unprepared
11,5,male,unprepared
11,5,male,unprepared
11,5,male,unprepared
11,6,male,unprepared
11,1,female,unprepared
11,1,female,unprepared
11,1,female,unprepared
11,1,female,unprepared
11,2,female,unprepared
11,2,female,unprepared
11,2,female,unprepared
11,3,female,unprepared
11,3,female,unprepared
11,3,female,unprepared
11,3,female,unprepared
11,3,female,unprepared
11,3,female,unprepared
11,3,female,unprepared
11,3,female,unprepared
11,4,female,unprepared
11,4,female,unprepared
11,4,female,unprepared
11,4,female,unprepared
11,4,female,unprepared
11,5,female,unprepared
11,5,female,unprepared
11,5,female,unprepared
11,6,female,unprepared
11,6,female,unprepared
11,6,female,unprepared
11,7,female,unprepared
11,7,female,unprepared
11,7,female,unprepared
11,7,female,unprepared
11,7,female,unprepared
11,7,female,unprepared
11,8,female,unprepared
11,8,female,unprepared
11,8,female,unprepared
11,8,female,unprepared
11,9,female,unprepared
11,9,female,unprepared
11,10,female,unprepared
11,1,male,prepared
11,1,male,prepared
11,2,male,prepared
11,3,male,prepared
11,10,male,prepared
11,1,female,prepared
11,2,female,prepared
11,2,female,prepared
11,2,female,prepared
11,2,female,prepared
11,2,female,prepared
11,3,female,prepared
11,3,female,prepared
11,3,female,prepared
11,3,female,prepared
11,3,female,prepared
11,3,female,prepared
11,3,female,prepared
11,4,female,prepared
11,4,female,prepared
11,4,female,prepared
11,4,female,prepared
11,5,female,prepared
11,5,female,prepared
11,5,female,prepared
11,5,female,prepared
11,5,female,prepared
11,5,female,prepared
11,6,female,prepared
11,7,female,prepared
11,8,female,prepared
11,10,female,prepared
11,10,female,prepared
12,1,male,unprepared
12,2,male,unprepared
12,2,male,unprepared
12,2,male,unprepared
12,2,male,unprepared
12,2,male,unprepared
12,3,male,unprepared
12,3,male,unprepared
12,3,male,unprepared
12,5,male,unprepared
12,5,male,unprepared
12,6,male,unprepared
12,7,male,unprepared
12,7,male,unprepared
12,7,male,unprepared
12,8,male,unprepared
12,8,male,unprepared
12,9,male,unprepared
12,10,male,unprepared
12,1,female,unprepared
12,1,female,unprepared
12,1,female,unprepared
12,2,female,unprepared
12,3,female,unprepared
12,3,female,unprepared
12,3,female,unprepared
12,3,female,unprepared
12,3,female,unprepared
12,3,female,unprepared
12,3,female,unprepared
12,4,female,unprepared
12,4,female,unprepared
12,4,female,unprepared
12,5,female,unprepared
12,5,female,unprepared
12,5,female,unprepared
12,5,female,unprepared
12,5,female,unprepared
12,5,female,unprepared
12,5,female,unprepared
12,6,female,unprepared
12,6,female,unprepared
12,6,female,unprepared
12,6,female,unprepared
12,6,female,unprepared
12,6,female,unprepared
12,7,female,unprepared
12,7,female,unprepared
12,7,female,unprepared
12,7,female,unprepared
12,8,female,unprepared
12,10,female,unprepared
12,1,male,prepared
12,1,male,prepared
12,1,male,prepared
12,2,male,prepared
12,2,male,prepared
12,2,male,prepared
12,3,male,prepared
12,3,male,prepared
12,3,male,prepared
12,3,male,prepared
12,5,male,prepared
12,5,male,prepared
12,5,male,prepared
12,5,male,prepared
12,5,male,prepared
12,6,male,prepared
12,8,male,prepared
12,1,female,prepared
12,1,female,prepared
12,2,female,prepared
12,2,female,prepared
12,2,female,prepared
12,2,female,prepared
12,2,female,prepared
12,2,female,prepared
12,2,female,prepared
12,2,female,prepared
12,3,female,prepared
12,3,female,prepared
12,3,female,prepared
12,3,female,prepared
12,3,female,prepared
12,3,female,prepared
12,3,female,prepared
12,3,female,prepared
12,3,female,prepared
12,4,female,prepared
12,4,female,prepared
12,4,female,prepared
12,4,female,prepared
12,4,female,prepared
12,4,female,prepared
12,5,female,prepared
12,5,female,prepared
12,6,female,prepared
12,6,female,prepared
12,6,female,prepared
12,6,female,prepared
12,7,female,prepared
12,7,female,prepared
12,7,female,prepared
12,7,female,prepared
13,1,male,unprepared
13,2,male,unprepared
13,2,male,unprepared
13,2,male,unprepared
13,2,male,unprepared
13,2,male,unprepared
13,3,male,unprepared
13,3,male,unprepared
13,4,male,unprepared
13,4,male,unprepared
13,4,male,unprepared
13,5,male,unprepared
13,6,male,unprepared
13,8,male,unprepared
13,10,male,unprepared
13,1,female,unprepared
13,1,female,unprepared
13,2,female,unprepared
13,2,female,unprepared
13,2,female,unprepared
13,3,female,unprepared
13,3,female,unprepared
13,3,female,unprepared
13,3,female,unprepared
13,3,female,unprepared
13,4,female,unprepared
13,4,female,unprepared
13,5,female,unprepared
13,5,female,unprepared
13,5,female,unprepared
13,5,female,unprepared
13,5,female,unprepared
13,6,female,unprepared
13,7,female,unprepared
13,7,female,unprepared
13,7,female,unprepared
13,7,female,unprepared
13,7,female,unprepared
13,7,female,unprepared
13,8,female,unprepared
13,8,female,unprepared
13,8,female,unprepared
13,8,female,unprepared
13,8,female,unprepared
13,8,female,unprepared
13,8,female,unprepared
13,10,female,unprepared
13,10,female,unprepared
13,10,female,unprepared
13,10,female,unprepared
13,10,female,unprepared
13,10,female,unprepared
13,1,male,prepared
13,1,male,prepared
13,3,male,prepared
13,3,male,prepared
13,3,male,prepared
13,4,male,prepared
13,4,male,prepared
13,5,male,prepared
13,6,male,prepared
13,7,male,prepared
13,8,male,prepared
13,9,male,prepared
13,10,male,prepared
13,1,female,prepared
13,1,female,prepared
13,2,female,prepared
13,2,female,prepared
13,2,female,prepared
13,2,female,prepared
13,2,female,prepared
13,2,female,prepared
13,2,female,prepared
13,2,female,prepared
13,2,female,prepared
13,2,female,prepared
13,2,female,prepared
13,2,female,prepared
13,2,female,prepared
13,3,female,prepared
13,3,female,prepared
13,3,female,prepared
13,3,female,prepared
13,4,female,prepared
13,4,female,prepared
13,5,female,prepared
13,5,female,prepared
13,5,female,prepared
13,5,female,prepared
13,5,female,prepared
13,5,female,prepared
13,5,female,prepared
13,6,female,prepared
13,7,female,prepared
13,7,female,prepared
13,7,female,prepared
13,8,female,prepared
13,9,female,prepared
14,1,male,unprepared
14,1,male,unprepared
14,1,male,unprepared
14,2,male,unprepared
14,2,male,unprepared
14,2,male,unprepared
14,2,male,unprepared
14,2,male,unprepared
14,2,male,unprepared
14,2,male,unprepared
14,3,male,unprepared
14,3,male,unprepared
14,3,male,unprepared
14,3,male,unprepared
14,3,male,unprepared
14,3,male,unprepared
14,5,male,unprepared
14,5,male,unprepared
14,5,male,unprepared
14,5,male,unprepared
14,5,male,unprepared
14,6,male,unprepared
14,8,male,unprepared
14,8,male,unprepared
14,9,male,unprepared
14,10,male,unprepared
14,1,female,unprepared
14,1,female,unprepared
14,2,female,unprepared
14,2,female,unprepared
14,2,female,unprepared
14,2,female,unprepared
14,3,female,unprepared
14,3,female,unprepared
14,3,female,unprepared
14,3,female,unprepared
14,5,female,unprepared
14,5,female,unprepared
14,5,female,unprepared
14,6,female,unprepared
14,6,female,unprepared
14,10,female,unprepared
14,10,female,unprepared
14,1,male,prepared
14,1,male,prepared
14,1,male,prepared
14,2,male,prepared
14,2,male,prepared
14,2,male,prepared
14,2,male,prepared
14,2,male,prepared
14,2,male,prepared
14,2,male,prepared
14,2,male,prepared
14,2,male,prepared
14,2,male,prepared
14,2,male,prepared
14,2,male,prepared
14,2,male,prepared
14,2,male,prepared
14,3,male,prepared
14,3,male,prepared
14,3,male,prepared
14,3,male,prepared
14,3,male,prepared
14,3,male,prepared
14,3,male,prepared
14,3,male,prepared
14,3,male,prepared
14,4,male,prepared
14,5,male,prepared
14,6,male,prepared
14,7,male,prepared
14,9,male,prepared
14,10,male,prepared
14,1,female,prepared
14,1,female,prepared
14,1,female,prepared
14,2,female,prepared
14,2,female,prepared
14,2,female,prepared
14,2,female,prepared
14,2,female,prepared
14,2,female,prepared
14,2,female,prepared
14,2,female,prepared
14,2,female,prepared
14,3,female,prepared
14,3,female,prepared
14,3,female,prepared
14,3,female,prepared
14,3,female,prepared
14,3,female,prepared
14,4,female,prepared
14,4,female,prepared
14,5,female,prepared
14,6,female,prepared
14,6,female,prepared
14,6,female,prepared
14,6,female,prepared
15,1,male,unprepared
15,1,male,unprepared
15,1,male,unprepared
15,1,male,unprepared
15,1,male,unprepared
15,2,male,unprepared
15,2,male,unprepared
15,2,male,unprepared
15,2,male,unprepared
15,2,male,unprepared
15,3,male,unprepared
15,3,male,unprepared
15,3,male,unprepared
15,3,male,unprepared
15,3,male,unprepared
15,3,male,unprepared
15,3,male,unprepared
15,3,male,unprepared
15,4,male,unprepared
15,4,male,unprepared
15,5,male,unprepared
15,5,male,unprepared
15,5,male,unprepared
15,5,male,unprepared
15,6,male,unprepared
15,6,male,unprepared
15,6,male,unprepared
15,6,male,unprepared
15,7,male,unprepared
15,7,male,unprepared
15,7,male,unprepared
15,7,male,unprepared
15,8,male,unprepared
15,8,male,unprepared
15,8,male,unprepared
15,8,male,unprepared
15,8,male,unprepared
15,8,male,unprepared
15,9,male,unprepared
15,10,male,unprepared
15,10,male,unprepared
15,10,male,unprepared
15,1,female,unprepared
15,1,female,unprepared
15,1,female,unprepared
15,1,female,unprepared
15,1,female,unprepared
15,2,female,unprepared
15,2,female,unprepared
15,2,female,unprepared
15,2,female,unprepared
15,2,female,unprepared
15,2,female,unprepared
15,2,female,unprepared
15,2,female,unprepared
15,2,female,unprepared
15,2,female,unprepared
15,2,female,unprepared
15,2,female,unprepared
15,2,female,unprepared
15,3,female,unprepared
15,3,female,unprepared
15,3,female,unprepared
15,3,female,unprepared
15,3,female,unprepared
15,3,female,unprepared
15,3,female,unprepared
15,3,female,unprepared
15,3,female,unprepared
15,3,female,unprepared
15,3,female,unprepared
15,3,female,unprepared
15,3,female,unprepared
15,3,female,unprepared
15,3,female,unprepared
15,3,female,unprepared
15,3,female,unprepared
15,3,female,unprepared
15,3,female,unprepared
15,3,female,unprepared
15,3,female,unprepared
15,3,female,unprepared
15,3,female,unprepared
15,3,female,unprepared
15,4,female,unprepared
15,4,female,unprepared
15,4,female,unprepared
15,4,female,unprepared
15,4,female,unprepared
15,4,female,unprepared
15,4,female,unprepared
15,4,female,unprepared
15,4,female,unprepared
15,4,female,unprepared
15,4,female,unprepared
15,4,female,unprepared
15,4,female,unprepared
15,4,female,unprepared
15,4,female,unprepared
15,4,female,unprepared
15,4,female,unprepared
15,5,female,unprepared
15,5,female,unprepared
15,5,female,unprepared
15,5,female,unprepared
15,5,female,unprepared
15,5,female,unprepared
15,5,female,unprepared
15,5,female,unprepared
15,5,female,unprepared
15,5,female,unprepared
15,5,female,unprepared
15,6,female,unprepared
15,6,female,unprepared
15,6,female,unprepared
15,6,female,unprepared
15,6,female,unprepared
15,6,female,unprepared
15,6,female,unprepared
15,6,female,unprepared
15,6,female,unprepared
15,6,female,unprepared
15,6,female,unprepared
15,6,female,unprepared
15,7,female,unprepared
15,7,female,unprepared
15,7,female,unprepared
15,7,female,unprepared
15,7,female,unprepared
15,7,female,unprepared
15,7,female,unprepared
15,7,female,unprepared
15,7,female,unprepared
15,7,female,unprepared
15,7,female,unprepared
15,7,female,unprepared
15,7,female,unprepared
15,7,female,unprepared
15,7,female,unprepared
15,7,female,unprepared
15,7,female,unprepared
15,8,female,unprepared
15,8,female,unprepared
15,8,female,unprepared
15,8,female,unprepared
15,8,female,unprepared
15,8,female,unprepared
15,8,female,unprepared
15,8,female,unprepared
15,8,female,unprepared
15,8,female,unprepared
15,8,female,unprepared
15,8,female,unprepared
15,8,female,unprepared
15,9,female,unprepared
15,9,female,unprepared
15,9,female,unprepared
15,9,female,unprepared
15,9,female,unprepared
15,9,female,unprepared
15,10,female,unprepared
15,10,female,unprepared
15,10,female,unprepared
15,10,female,unprepared
15,1,male,prepared
15,1,male,prepared
15,1,male,prepared
15,1,male,prepared
15,2,male,prepared
15,2,male,prepared
15,2,male,prepared
15,2,male,prepared
15,2,male,prepared
15,3,male,prepared
15,3,male,prepared
15,3,male,prepared
15,3,male,prepared
15,3,male,prepared
15,4,male,prepared
15,4,male,prepared
15,5,male,prepared
15,5,male,prepared
15,5,male,prepared
15,6,male,prepared
15,6,male,prepared
15,6,male,prepared
15,6,male,prepared
15,7,male,prepared
15,7,male,prepared
15,7,male,prepared
15,7,male,prepared
15,7,male,prepared
15,7,male,prepared
15,8,male,prepared
15,8,male,prepared
15,10,male,prepared
15,10,male,prepared
15,1,female,prepared
15,1,female,prepared
15,1,female,prepared
15,1,female,prepared
15,1,female,prepared
15,1,female,prepared
15,1,female,prepared
15,1,female,prepared
15,2,female,prepared
15,2,female,prepared
15,2,female,prepared
15,2,female,prepared
15,2,female,prepared
15,2,female,prepared
15,2,female,prepared
15,2,female,prepared
15,2,female,prepared
15,2,female,prepared
15,2,female,prepared
15,2,female,prepared
15,3,female,prepared
15,3,female,prepared
15,3,female,prepared
15,3,female,prepared
15,3,female,prepared
15,3,female,prepared
15,3,female,prepared
15,3,female,prepared
15,3,female,prepared
15,3,female,prepared
15,3,female,prepared
15,3,female,prepared
15,3,female,prepared
15,3,female,prepared
15,3,female,prepared
15,3,female,prepared
15,3,female,prepared
15,3,female,prepared
15,3,female,prepared
15,4,female,prepared
15,4,female,prepared
15,4,female,prepared
15,4,female,prepared
15,4,female,prepared
15,4,female,prepared
15,4,female,prepared
15,4,female,prepared
15,4,female,prepared
15,4,female,prepared
15,4,female,prepared
15,4,female,prepared
15,4,female,prepared
15,4,female,prepared
15,5,female,prepared
15,5,female,prepared
15,5,female,prepared
15,5,female,prepared
15,5,female,prepared
15,5,female,prepared
15,5,female,prepared
15,5,female,prepared
15,5,female,prepared
15,5,female,prepared
15,5,female,prepared
15,5,female,prepared
15,5,female,prepared
15,5,female,prepared
15,5,female,prepared
15,6,female,prepared
15,6,female,prepared
15,6,female,prepared
15,6,female,prepared
15,6,female,prepared
15,6,female,prepared
15,6,female,prepared
15,6,female,prepared
15,6,female,prepared
15,6,female,prepared
15,6,female,prepared
15,6,female,prepared
15,7,female,prepared
15,7,female,prepared
15,7,female,prepared
15,7,female,prepared
15,7,female,prepared
15,7,female,prepared
15,8,female,prepared
15,8,female,prepared
15,8,female,prepared
15,8,female,prepared
15,8,female,prepared
15,8,female,prepared
15,10,female,prepared
15,10,female,prepared
15,10,female,prepared
16,1,male,unprepared
16,1,male,unprepared
16,2,male,unprepared
16,2,male,unprepared
16,2,male,unprepared
16,2,male,unprepared
16,2,male,unprepared
16,3,male,unprepared
16,3,male,unprepared
16,3,male,unprepared
16,3,male,unprepared
16,3,male,unprepared
16,3,male,unprepared
16,3,male,unprepared
16,4,male,unprepared
16,5,male,unprepared
16,6,male,unprepared
16,7,male,unprepared
16,10,male,unprepared
16,1,female,unprepared
16,1,female,unprepared
16,2,female,unprepared
16,2,female,unprepared
16,2,female,unprepared
16,2,female,unprepared
16,3,female,unprepared
16,3,female,unprepared
16,3,female,unprepared
16,3,female,unprepared
16,3,female,unprepared
16,3,female,unprepared
16,3,female,unprepared
16,3,female,unprepared
16,3,female,unprepared
16,3,female,unprepared
16,3,female,unprepared
16,4,female,unprepared
16,4,female,unprepared
16,4,female,unprepared
16,4,female,unprepared
16,5,female,unprepared
16,5,female,unprepared
16,5,female,unprepared
16,5,female,unprepared
16,5,female,unprepared
16,5,female,unprepared
16,6,female,unprepared
16,6,female,unprepared
16,6,female,unprepared
16,6,female,unprepared
16,6,female,unprepared
16,6,female,unprepared
16,8,female,unprepared
16,8,female,unprepared
16,8,female,unprepared
16,8,female,unprepared
16,9,female,unprepared
16,1,male,prepared
16,1,male,prepared
16,1,male,prepared
16,1,male,prepared
16,1,male,prepared
16,1,male,prepared
16,1,male,prepared
16,2,male,prepared
16,2,male,prepared
16,2,male,prepared
16,3,male,prepared
16,3,male,prepared
16,3,male,prepared
16,3,male,prepared
16,3,male,prepared
16,4,male,prepared
16,6,male,prepared
16,8,male,prepared
16,8,male,prepared
16,1,female,prepared
16,1,female,prepared
16,1,female,prepared
16,1,female,prepared
16,1,female,prepared
16,2,female,prepared
16,2,female,prepared
16,2,female,prepared
16,2,female,prepared
16,2,female,prepared
16,2,female,prepared
16,2,female,prepared
16,2,female,prepared
16,3,female,prepared
16,3,female,prepared
16,3,female,prepared
16,3,female,prepared
16,3,female,prepared
16,3,female,prepared
16,3,female,prepared
16,3,female,prepared
16,3,female,prepared
16,4,female,prepared
16,4,female,prepared
16,4,female,prepared
16,4,female,prepared
16,5,female,prepared
16,5,female,prepared
16,5,female,prepared
16,6,female,prepared
16,6,female,prepared
16,6,female,prepared
16,7,female,prepared
16,7,female,prepared
16,8,female,prepared
17,1,male,unprepared
17,1,male,unprepared
17,1,male,unprepared
17,2,male,unprepared
17,2,male,unprepared
17,3,male,unprepared
17,3,male,unprepared
17,4,male,unprepared
17,7,male,unprepared
17,7,male,unprepared
17,7,male,unprepared
17,1,female,unprepared
17,1,female,unprepared
17,1,female,unprepared
17,1,female,unprepared
17,1,female,unprepared
17,1,female,unprepared
17,1,female,unprepared
17,2,female,unprepared
17,2,female,unprepared
17,2,female,unprepared
17,2,female,unprepared
17,2,female,unprepared
17,2,female,unprepared
17,2,female,unprepared
17,3,female,unprepared
17,3,female,unprepared
17,3,female,unprepared
17,3,female,unprepared
17,3,female,unprepared
17,3,female,unprepared
17,3,female,unprepared
17,4,female,unprepared
17,4,female,unprepared
17,4,female,unprepared
17,4,female,unprepared
17,4,female,unprepared
17,4,female,unprepared
17,5,female,unprepared
17,5,female,unprepared
17,5,female,unprepared
17,5,female,unprepared
17,5,female,unprepared
17,5,female,unprepared
17,5,female,unprepared
17,5,female,unprepared
17,6,female,unprepared
17,6,female,unprepared
17,6,female,unprepared
17,6,female,unprepared
17,6,female,unprepared
17,6,female,unprepared
17,6,female,unprepared
17,6,female,unprepared
17,6,female,unprepared
17,6,female,unprepared
17,6,female,unprepared
17,6,female,unprepared
17,6,female,unprepared
17,6,female,unprepared
17,6,female,unprepared
17,7,female,unprepared
17,7,female,unprepared
17,7,female,unprepared
17,7,female,unprepared
17,7,female,unprepared
17,7,female,unprepared
17,7,female,unprepared
17,7,female,unprepared
17,7,female,unprepared
17,9,female,unprepared
17,9,female,unprepared
17,10,female,unprepared
17,10,female,unprepared
17,1,male,prepared
17,1,male,prepared
17,1,male,prepared
17,2,male,prepared
17,3,male,prepared
17,3,male,prepared
17,4,male,prepared
17,4,male,prepared
17,5,male,prepared
17,5,male,prepared
17,5,male,prepared
17,5,male,prepared
17,5,male,prepared
17,5,male,prepared
17,5,male,prepared
17,6,male,prepared
17,6,male,prepared
17,6,male,prepared
17,7,male,prepared
17,8,male,prepared
17,10,male,prepared
17,1,female,prepared
17,1,female,prepared
17,1,female,prepared
17,1,female,prepared
17,2,female,prepared
17,2,female,prepared
17,2,female,prepared
17,2,female,prepared
17,2,female,prepared
17,2,female,prepared
17,2,female,prepared
17,2,female,prepared
17,2,female,prepared
17,2,female,prepared
17,2,female,prepared
17,3,female,prepared
17,3,female,prepared
17,3,female,prepared
17,3,female,prepared
17,3,female,prepared
17,3,female,prepared
17,3,female,prepared
17,3,female,prepared
17,3,female,prepared
17,3,female,prepared
17,3,female,prepared
17,3,female,prepared
17,3,female,prepared
17,4,female,prepared
17,4,female,prepared
17,4,female,prepared
17,4,female,prepared
17,4,female,prepared
17,4,female,prepared
17,4,female,prepared
17,5,female,prepared
17,5,female,prepared
17,5,female,prepared
17,5,female,prepared
17,5,female,prepared
17,5,female,prepared
17,6,female,prepared
17,6,female,prepared
17,6,female,prepared
17,6,female,prepared
17,6,female,prepared
17,6,female,prepared
17,7,female,prepared
17,7,female,prepared
17,7,female,prepared
17,7,female,prepared
17,7,female,prepared
17,7,female,prepared
17,8,female,prepared
17,8,female,prepared
17,8,female,prepared
17,8,female,prepared
17,8,female,prepared
17,8,female,prepared
17,10,female,prepared
17,10,female,prepared
17,10,female,prepared
18,2,male,unprepared
18,2,male,unprepared
18,2,male,unprepared
18,2,male,unprepared
18,3,male,unprepared
18,3,male,unprepared
18,4,male,unprepared
18,4,male,unprepared
18,5,male,unprepared
18,5,male,unprepared
18,6,male,unprepared
18,6,male,unprepared
18,8,male,unprepared
18,9,male,unprepared
18,1,female,unprepared
18,2,female,unprepared
18,2,female,unprepared
18,3,female,unprepared
18,3,female,unprepared
18,3,female,unprepared
18,3,female,unprepared
18,3,female,unprepared
18,3,female,unprepared
18,3,female,unprepared
18,4,female,unprepared
18,4,female,unprepared
18,4,female,unprepared
18,5,female,unprepared
18,5,female,unprepared
18,5,female,unprepared
18,5,female,unprepared
18,5,female,unprepared
18,5,female,unprepared
18,5,female,unprepared
18,5,female,unprepared
18,5,female,unprepared
18,6,female,unprepared
18,6,female,unprepared
18,6,female,unprepared
18,7,female,unprepared
18,7,female,unprepared
18,7,female,unprepared
18,7,female,unprepared
18,7,female,unprepared
18,8,female,unprepared
18,8,female,unprepared
18,8,female,unprepared
18,8,female,unprepared
18,8,female,unprepared
18,8,female,unprepared
18,8,female,unprepared
18,8,female,unprepared
18,9,female,unprepared
18,9,female,unprepared
18,9,female,unprepared
18,9,female,unprepared
18,10,female,unprepared
18,10,female,unprepared
18,10,female,unprepared
18,10,female,unprepared
18,10,female,unprepared
18,10,female,unprepared
18,1,male,prepared
18,2,male,prepared
18,2,male,prepared
18,2,male,prepared
18,2,male,prepared
18,2,male,prepared
18,2,male,prepared
18,2,male,prepared
18,3,male,prepared
18,3,male,prepared
18,3,male,prepared
18,3,male,prepared
18,3,male,prepared
18,4,male,prepared
18,5,male,prepared
18,5,male,prepared
18,5,male,prepared
18,6,male,prepared
18,7,male,prepared
18,7,male,prepared
18,9,male,prepared
18,10,male,prepared
18,10,male,prepared
18,1,female,prepared
18,1,female,prepared
18,1,female,prepared
18,1,female,prepared
18,1,female,prepared
18,2,female,prepared
18,2,female,prepared
18,2,female,prepared
18,2,female,prepared
18,2,female,prepared
18,2,female,prepared
18,3,female,prepared
18,3,female,prepared
18,4,female,prepared
18,4,female,prepared
18,4,female,prepared
18,5,female,prepared
18,5,female,prepared
18,5,female,prepared
18,5,female,prepared
18,5,female,prepared
18,5,female,prepared
18,6,female,prepared
18,6,female,prepared
18,6,female,prepared
18,6,female,prepared
18,6,female,prepared
18,6,female,prepared
18,6,female,prepared
18,7,female,prepared
18,7,female,prepared
18,7,female,prepared
18,8,female,prepared
18,8,female,prepared
18,10,female,prepared
18,10,female,prepared
18,10,female,prepared
18,10,female,prepared
18,10,female,prepared
19,1,male,unprepared
19,2,male,unprepared
19,2,male,unprepared
19,3,male,unprepared
19,6,male,unprepared
19,8,male,unprepared
19,10,male,unprepared
19,2,female,unprepared
19,2,female,unprepared
19,2,female,unprepared
19,2,female,unprepared
19,2,female,unprepared
19,2,female,unprepared
19,2,female,unprepared
19,2,female,unprepared
19,2,female,unprepared
19,3,female,unprepared
19,3,female,unprepared
19,3,female,unprepared
19,3,female,unprepared
19,3,female,unprepared
19,3,female,unprepared
19,3,female,unprepared
19,3,female,unprepared
19,3,female,unprepared
19,3,female,unprepared
19,4,female,unprepared
19,4,female,unprepared
19,4,female,unprepared
19,4,female,unprepared
19,4,female,unprepared
19,4,female,unprepared
19,4,female,unprepared
19,5,female,unprepared
19,5,female,unprepared
19,5,female,unprepared
19,5,female,unprepared
19,6,female,unprepared
19,6,female,unprepared
19,6,female,unprepared
19,6,female,unprepared
19,7,female,unprepared
19,7,female,unprepared
19,8,female,unprepared
19,1,male,prepared
19,1,male,prepared
19,1,male,prepared
19,2,male,prepared
19,2,male,prepared
19,2,male,prepared
19,3,male,prepared
19,3,male,prepared
19,5,male,prepared
19,9,male,prepared
19,1,female,prepared
19,1,female,prepared
19,1,female,prepared
19,1,female,prepared
19,1,female,prepared
19,1,female,prepared
19,1,female,prepared
19,2,female,prepared
19,2,female,prepared
19,2,female,prepared
19,2,female,prepared
19,2,female,prepared
19,2,female,prepared
19,2,female,prepared
19,2,female,prepared
19,2,female,prepared
19,2,female,prepared
19,2,female,prepared
19,2,female,prepared
19,2,female,prepared
19,2,female,prepared
19,3,female,prepared
19,3,female,prepared
19,3,female,prepared
19,3,female,prepared
19,3,female,prepared
19,3,female,prepared
19,5,female,prepared
19,6,female,prepared
19,7,female,prepared
19,9,female,prepared
19,9,female,prepared
20,3,male,unprepared
20,5,male,unprepared
20,5,male,unprepared
20,5,male,unprepared
20,6,male,unprepared
20,8,male,unprepared
20,1,female,unprepared
20,3,female,unprepared
20,4,female,unprepared
20,4,female,unprepared
20,5,female,unprepared
20,5,female,unprepared
20,5,female,unprepared
20,5,female,unprepared
20,5,female,unprepared
20,5,female,unprepared
20,5,female,unprepared
20,6,female,unprepared
20,6,female,unprepared
20,6,female,unprepared
20,6,female,unprepared
20,6,female,unprepared
20,6,female,unprepared
20,7,female,unprepared
20,7,female,unprepared
20,8,female,unprepared
20,8,female,unprepared
20,8,female,unprepared
20,9,female,unprepared
20,10,female,unprepared
20,10,female,unprepared
20,1,male,prepared
20,1,male,prepared
20,3,male,prepared
20,4,male,prepared
20,5,male,prepared
20,6,male,prepared
20,7,male,prepared
20,7,male,prepared
20,8,male,prepared
20,8,male,prepared
20,2,female,prepared
20,2,female,prepared
20,2,female,prepared
20,3,female,prepared
20,3,female,prepared
20,4,female,prepared
20,4,female,prepared
20,5,female,prepared
20,5,female,prepared
20,5,female,prepared
20,5,female,prepared
20,5,female,prepared
20,5,female,prepared
20,5,female,prepared
20,6,female,prepared
20,6,female,prepared
20,7,female,prepared
20,7,female,prepared
20,7,female,prepared
20,7,female,prepared
20,7,female,prepared
20,10,female,prepared
21,1,male,unprepared
21,1,male,unprepared
21,2,male,unprepared
21,2,male,unprepared
21,2,male,unprepared
21,2,male,unprepared
21,2,male,unprepared
21,3,male,unprepared
21,3,male,unprepared
21,3,male,unprepared
21,4,male,unprepared
21,5,male,unprepared
21,6,male,unprepared
21,6,male,unprepared
21,6,male,unprepared
21,7,male,unprepared
21,7,male,unprepared
21,7,male,unprepared
21,8,male,unprepared
21,10,male,unprepared
21,1,female,unprepared
21,3,female,unprepared
21,3,female,unprepared
21,3,female,unprepared
21,3,female,unprepared
21,3,female,unprepared
21,3,female,unprepared
21,3,female,unprepared
21,3,female,unprepared
21,3,female,unprepared
21,4,female,unprepared
21,5,female,unprepared
21,5,female,unprepared
21,5,female,unprepared
21,5,female,unprepared
21,5,female,unprepared
21,6,female,unprepared
21,6,female,unprepared
21,6,female,unprepared
21,7,female,unprepared
21,7,female,unprepared
21,7,female,unprepared
21,8,female,unprepared
21,9,female,unprepared
21,10,female,unprepared
21,1,male,prepared
21,1,male,prepared
21,1,male,prepared
21,2,male,prepared
21,2,male,prepared
21,3,male,prepared
21,3,male,prepared
21,3,male,prepared
21,4,male,prepared
21,5,male,prepared
21,6,male,prepared
21,7,male,prepared
21,8,male,prepared
21,8,male,prepared
21,9,male,prepared
21,10,male,prepared
21,1,female,prepared
21,1,female,prepared
21,1,female,prepared
21,2,female,prepared
21,3,female,prepared
21,4,female,prepared
21,5,female,prepared
21,5,female,prepared
21,5,female,prepared
21,6,female,prepared
21,6,female,prepared
21,7,female,prepared
21,7,female,prepared
21,7,female,prepared
21,7,female,prepared
21,8,female,prepared
21,8,female,prepared
21,8,female,prepared
22,1,male,unprepared
22,1,male,unprepared
22,1,male,unprepared
22,2,male,unprepared
22,2,male,unprepared
22,2,male,unprepared
22,2,male,unprepared
22,3,male,unprepared
22,3,male,unprepared
22,3,male,unprepared
22,3,male,unprepared
22,3,male,unprepared
22,3,male,unprepared
22,3,male,unprepared
22,4,male,unprepared
22,4,male,unprepared
22,6,male,unprepared
22,6,male,unprepared
22,7,male,unprepared
22,7,male,unprepared
22,1,female,unprepared
22,1,female,unprepared
22,1,female,unprepared
22,1,female,unprepared
22,2,female,unprepared
22,2,female,unprepared
22,2,female,unprepared
22,3,female,unprepared
22,3,female,unprepared
22,3,female,unprepared
22,3,female,unprepared
22,3,female,unprepared
22,3,female,unprepared
22,3,female,unprepared
22,3,female,unprepared
22,4,female,unprepared
22,4,female,unprepared
22,4,female,unprepared
22,4,female,unprepared
22,4,female,unprepared
22,5,female,unprepared
22,5,female,unprepared
22,5,female,unprepared
22,5,female,unprepared
22,5,female,unprepared
22,6,female,unprepared
22,6,female,unprepared
22,6,female,unprepared
22,7,female,unprepared
22,7,female,unprepared
22,7,female,unprepared
22,7,female,unprepared
22,8,female,unprepared
22,8,female,unprepared
22,8,female,unprepared
22,8,female,unprepared
22,9,female,unprepared
22,1,male,prepared
22,1,male,prepared
22,1,male,prepared
22,1,male,prepared
22,1,male,prepared
22,1,male,prepared
22,2,male,prepared
22,2,male,prepared
22,2,male,prepared
22,2,male,prepared
22,2,male,prepared
22,2,male,prepared
22,3,male,prepared
22,3,male,prepared
22,3,male,prepared
22,3,male,prepared
22,3,male,prepared
22,3,male,prepared
22,4,male,prepared
22,5,male,prepared
22,5,male,prepared
22,6,male,prepared
22,6,male,prepared
22,8,male,prepared
22,1,female,prepared
22,1,female,prepared
22,2,female,prepared
22,2,female,prepared
22,2,female,prepared
22,2,female,prepared
22,2,female,prepared
22,2,female,prepared
22,2,female,prepared
22,2,female,prepared
22,2,female,prepared
22,2,female,prepared
22,2,female,prepared
22,2,female,prepared
22,2,female,prepared
22,2,female,prepared
22,2,female,prepared
22,2,female,prepared
22,3,female,prepared
22,3,female,prepared
22,3,female,prepared
22,3,female,prepared
22,3,female,prepared
22,3,female,prepared
22,3,female,prepared
22,3,female,prepared
22,3,female,prepared
22,3,female,prepared
22,3,female,prepared
22,3,female,prepared
22,3,female,prepared
22,3,female,prepared
22,4,female,prepared
22,4,female,prepared
22,4,female,prepared
22,4,female,prepared
22,4,female,prepared
22,5,female,prepared
22,5,female,prepared
22,5,female,prepared
22,5,female,prepared
22,5,female,prepared
22,5,female,prepared
22,5,female,prepared
22,5,female,prepared
22,5,female,prepared
22,6,female,prepared
22,6,female,prepared
22,6,female,prepared
22,7,female,prepared
22,7,female,prepared
22,7,female,prepared
22,8,female,prepared
22,8,female,prepared
22,8,female,prepared
22,8,female,prepared
22,8,female,prepared
22,9,female,prepared
23,1,male,unprepared
23,1,male,unprepared
23,1,male,unprepared
23,1,male,unprepared
23,1,male,unprepared
23,2,male,unprepared
23,2,male,unprepared
23,2,male,unprepared
23,3,male,unprepared
23,3,male,unprepared
23,3,male,unprepared
23,4,male,unprepared
23,5,male,unprepared
23,6,male,unprepared
23,7,male,unprepared
23,7,male,unprepared
23,7,male,unprepared
23,8,male,unprepared
23,9,male,unprepared
23,1,female,unprepared
23,1,female,unprepared
23,2,female,unprepared
23,3,female,unprepared
23,3,female,unprepared
23,3,female,unprepared
23,3,female,unprepared
23,3,female,unprepared
23,3,female,unprepared
23,3,female,unprepared
23,4,female,unprepared
23,4,female,unprepared
23,5,female,unprepared
23,5,female,unprepared
23,5,female,unprepared
23,5,female,unprepared
23,5,female,unprepared
23,5,female,unprepared
23,5,female,unprepared
23,6,female,unprepared
23,6,female,unprepared
23,6,female,unprepared
23,6,female,unprepared
23,6,female,unprepared
23,7,female,unprepared
23,8,female,unprepared
23,1,male,prepared
23,1,male,prepared
23,1,male,prepared
23,2,male,prepared
23,2,male,prepared
23,2,male,prepared
23,3,male,prepared
23,3,male,prepared
23,3,male,prepared
23,4,male,prepared
23,4,male,prepared
23,4,male,prepared
23,6,male,prepared
23,7,male,prepared
23,1,female,prepared
23,1,female,prepared
23,1,female,prepared
23,1,female,prepared
23,2,female,prepared
23,2,female,prepared
23,2,female,prepared
23,3,female,prepared
23,3,female,prepared
23,3,female,prepared
23,3,female,prepared
23,3,female,prepared
23,3,female,prepared
23,4,female,prepared
23,4,female,prepared
23,4,female,prepared
23,5,female,prepared
23,5,female,prepared
23,5,female,prepared
23,5,female,prepared
23,5,female,prepared
23,6,female,prepared
23,6,female,prepared
23,6,female,prepared
23,6,female,prepared
23,7,female,prepared
24,1,male,unprepared
24,1,male,unprepared
24,1,male,unprepared
24,1,male,unprepared
24,1,male,unprepared
24,1,male,unprepared
24,1,male,unprepared
24,1,male,unprepared
24,2,male,unprepared
24,3,male,unprepared
24,3,male,unprepared
24,4,male,unprepared
24,5,male,unprepared
24,5,male,unprepared
24,5,male,unprepared
24,5,male,unprepared
24,5,male,unprepared
24,6,male,unprepared
24,7,male,unprepared
24,8,male,unprepared
24,1,female,unprepared
24,2,female,unprepared
24,2,female,unprepared
24,2,female,unprepared
24,2,female,unprepared
24,2,female,unprepared
24,2,female,unprepared
24,2,female,unprepared
24,3,female,unprepared
24,3,female,unprepared
24,3,female,unprepared
24,3,female,unprepared
24,4,female,unprepared
24,4,female,unprepared
24,4,female,unprepared
24,4,female,unprepared
24,5,female,unprepared
24,6,female,unprepared
24,6,female,unprepared
24,8,female,unprepared
24,10,female,unprepared
24,1,male,prepared
24,1,male,prepared
24,1,male,prepared
24,1,male,prepared
24,1,male,prepared
24,1,male,prepared
24,1,male,prepared
24,1,male,prepared
24,1,male,prepared
24,1,male,prepared
24,2,male,prepared
24,2,male,prepared
24,3,male,prepared
24,3,male,prepared
24,3,male,prepared
24,4,male,prepared
24,4,male,prepared
24,6,male,prepared
24,6,male,prepared
24,7,male,prepared
24,1,female,prepared
24,2,female,prepared
24,2,female,prepared
24,2,female,prepared
24,2,female,prepared
24,2,female,prepared
24,2,female,prepared
24,3,female,prepared
24,3,female,prepared
24,3,female,prepared
24,3,female,prepared
24,4,female,prepared
24,4,female,prepared
24,6,female,prepared
24,6,female,prepared
24,7,female,prepared
25,1,male,unprepared
25,1,male,unprepared
25,1,male,unprepared
25,2,male,unprepared
25,2,male,unprepared
25,2,male,unprepared
25,2,male,unprepared
25,2,male,unprepared
25,3,male,unprepared
25,3,male,unprepared
25,4,male,unprepared
25,4,male,unprepared
25,5,male,unprepared
25,6,male,unprepared
25,6,male,unprepared
25,7,male,unprepared
25,1,female,unprepared
25,1,female,unprepared
25,2,female,unprepared
25,2,female,unprepared
25,2,female,unprepared
25,2,female,unprepared
25,2,female,unprepared
25,3,female,unprepared
25,3,female,unprepared
25,3,female,unprepared
25,4,female,unprepared
25,4,female,unprepared
25,5,female,unprepared
25,5,female,unprepared
25,5,female,unprepared
25,5,female,unprepared
25,5,female,unprepared
25,6,female,unprepared
25,7,female,unprepared
25,7,female,unprepared
25,7,female,unprepared
25,8,female,unprepared
25,9,female,unprepared
25,10,female,unprepared
25,1,male,prepared
25,2,male,prepared
25,2,male,prepared
25,2,male,prepared
25,2,male,prepared
25,2,male,prepared
25,2,male,prepared
25,2,male,prepared
25,3,male,prepared
25,3,male,prepared
25,3,male,prepared
25,3,male,prepared
25,4,male,prepared
25,5,male,prepared
25,5,male,prepared
25,7,male,prepared
25,1,female,prepared
25,1,female,prepared
25,1,female,prepared
25,1,female,prepared
25,1,female,prepared
25,1,female,prepared
25,2,female,prepared
25,2,female,prepared
25,2,female,prepared
25,2,female,prepared
25,2,female,prepared
25,2,female,prepared
25,2,female,prepared
25,2,female,prepared
25,3,female,prepared
25,3,female,prepared
25,3,female,prepared
25,3,female,prepared
25,3,female,prepared
25,3,female,prepared
25,3,female,prepared
25,4,female,prepared
25,4,female,prepared
25,5,female,prepared
25,6,female,prepared
25,6,female,prepared
25,7,female,prepared
26,2,male,unprepared
26,3,male,unprepared
26,3,male,unprepared
26,3,male,unprepared
26,4,male,unprepared
26,5,male,unprepared
26,5,male,unprepared
26,5,male,unprepared
26,6,male,unprepared
26,9,male,unprepared
26,10,male,unprepared
26,1,female,unprepared
26,1,female,unprepared
26,2,female,unprepared
26,2,female,unprepared
26,2,female,unprepared
26,2,female,unprepared
26,2,female,unprepared
26,2,female,unprepared
26,2,female,unprepared
26,2,female,unprepared
26,2,female,unprepared
26,2,female,unprepared
26,2,female,unprepared
26,2,female,unprepared
26,3,female,unprepared
26,3,female,unprepared
26,3,female,unprepared
26,3,female,unprepared
26,3,female,unprepared
26,3,female,unprepared
26,3,female,unprepared
26,4,female,unprepared
26,4,female,unprepared
26,4,female,unprepared
26,4,female,unprepared
26,4,female,unprepared
26,5,female,unprepared
26,5,female,unprepared
26,5,female,unprepared
26,5,female,unprepared
26,5,female,unprepared
26,5,female,unprepared
26,5,female,unprepared
26,5,female,unprepared
26,6,female,unprepared
26,6,female,unprepared
26,6,female,unprepared
26,7,female,unprepared
26,7,female,unprepared
26,7,female,unprepared
26,7,female,unprepared
26,7,female,unprepared
26,1,male,prepared
26,1,male,prepared
26,1,male,prepared
26,2,male,prepared
26,2,male,prepared
26,2,male,prepared
26,2,male,prepared
26,2,male,prepared
26,2,male,prepared
26,3,male,prepared
26,4,male,prepared
26,4,male,prepared
26,5,male,prepared
26,7,male,prepared
26,1,female,prepared
26,1,female,prepared
26,1,female,prepared
26,1,female,prepared
26,1,female,prepared
26,1,female,prepared
26,1,female,prepared
26,2,female,prepared
26,2,female,prepared
26,2,female,prepared
26,2,female,prepared
26,2,female,prepared
26,2,female,prepared
26,2,female,prepared
26,2,female,prepared
26,2,female,prepared
26,2,female,prepared
26,2,female,prepared
26,2,female,prepared
26,3,female,prepared
26,3,female,prepared
26,3,female,prepared
26,3,female,prepared
26,3,female,prepared
26,4,female,prepared
26,4,female,prepared
26,4,female,prepared
26,4,female,prepared
26,4,female,prepared
26,5,female,prepared
26,5,female,prepared
26,5,female,prepared
26,5,female,prepared
26,5,female,prepared
26,5,female,prepared
26,6,female,prepared
26,6,female,prepared
26,6,female,prepared
26,6,female,prepared
26,6,female,prepared
26,6,female,prepared
26,6,female,prepared
26,7,female,prepared
26,7,female,prepared
26,7,female,prepared
26,7,female,prepared
26,8,female,prepared
26,8,female,prepared
26,9,female,prepared
26,10,female,prepared
27,2,male,unprepared
27,2,male,unprepared
27,2,male,unprepared
27,3,male,unprepared
27,4,male,unprepared
27,7,male,unprepared
27,7,male,unprepared
27,1,female,unprepared
27,1,female,unprepared
27,1,female,unprepared
27,2,female,unprepared
27,2,female,unprepared
27,2,female,unprepared
27,2,female,unprepared
27,2,female,unprepared
27,2,female,unprepared
27,2,female,unprepared
27,3,female,unprepared
27,3,female,unprepared
27,3,female,unprepared
27,4,female,unprepared
27,4,female,unprepared
27,4,female,unprepared
27,4,female,unprepared
27,4,female,unprepared
27,5,female,unprepared
27,5,female,unprepared
27,5,female,unprepared
27,6,female,unprepared
27,6,female,unprepared
27,7,female,unprepared
27,7,female,unprepared
27,7,female,unprepared
27,7,female,unprepared
27,8,female,unprepared
27,10,female,unprepared
27,10,female,unprepared
27,1,male,prepared
27,1,male,prepared
27,2,male,prepared
27,2,male,prepared
27,2,male,prepared
27,2,male,prepared
27,3,male,prepared
27,4,male,prepared
27,4,male,prepared
27,5,male,prepared
27,8,male,prepared
27,1,female,prepared
27,1,female,prepared
27,1,female,prepared
27,1,female,prepared
27,1,female,prepared
27,1,female,prepared
27,1,female,prepared
27,2,female,prepared
27,2,female,prepared
27,2,female,prepared
27,2,female,prepared
27,2,female,prepared
27,2,female,prepared
27,2,female,prepared
27,2,female,prepared
27,2,female,prepared
27,3,female,prepared
27,3,female,prepared
27,3,female,prepared
27,3,female,prepared
27,3,female,prepared
27,3,female,prepared
27,3,female,prepared
27,3,female,prepared
27,3,female,prepared
27,4,female,prepared
27,4,female,prepared
27,4,female,prepared
27,4,female,prepared
27,4,female,prepared
27,4,female,prepared
27,5,female,prepared
27,6,female,prepared
27,7,female,prepared
27,8,female,prepared
27,9,female,prepared
27,10,female,prepared
28,1,male,unprepared
28,3,male,unprepared
28,3,male,unprepared
28,5,male,unprepared
28,5,male,unprepared
28,5,male,unprepared
28,5,male,unprepared
28,6,male,unprepared
28,6,male,unprepared
28,8,male,unprepared
28,1,female,unprepared
28,2,female,unprepared
28,2,female,unprepared
28,2,female,unprepared
28,2,female,unprepared
28,3,female,unprepared
28,3,female,unprepared
28,3,female,unprepared
28,3,female,unprepared
28,3,female,unprepared
28,4,female,unprepared
28,4,female,unprepared
28,4,female,unprepared
28,4,female,unprepared
28,4,female,unprepared
28,5,female,unprepared
28,5,female,unprepared
28,5,female,unprepared
28,5,female,unprepared
28,5,female,unprepared
28,6,female,unprepared
28,6,female,unprepared
28,6,female,unprepared
28,6,female,unprepared
28,6,female,unprepared
28,7,female,unprepared
28,7,female,unprepared
28,7,female,unprepared
28,7,female,unprepared
28,7,female,unprepared
28,7,female,unprepared
28,7,female,unprepared
28,7,female,unprepared
28,7,female,unprepared
28,7,female,unprepared
28,7,female,unprepared
28,7,female,unprepared
28,8,female,unprepared
28,10,female,unprepared
28,1,male,prepared
28,2,male,prepared
28,2,male,prepared
28,3,male,prepared
28,4,male,prepared
28,4,male,prepared
28,5,male,prepared
28,7,male,prepared
28,1,female,prepared
28,1,female,prepared
28,3,female,prepared
28,3,female,prepared
28,3,female,prepared
28,4,female,prepared
28,4,female,prepared
28,4,female,prepared
28,5,female,prepared
28,5,female,prepared
28,5,female,prepared
28,5,female,prepared
28,5,female,prepared
28,5,female,prepared
28,5,female,prepared
28,5,female,prepared
28,6,female,prepared
28,6,female,prepared
28,6,female,prepared
28,6,female,prepared
28,7,female,prepared
28,7,female,prepared
28,7,female,prepared
28,7,female,prepared
28,7,female,prepared
28,7,female,prepared
28,8,female,prepared
28,8,female,prepared
28,8,female,prepared
28,8,female,prepared
28,8,female,prepared
29,1,male,unprepared
29,1,male,unprepared
29,1,male,unprepared
29,2,male,unprepared
29,4,male,unprepared
29,6,male,unprepared
29,8,male,unprepared
29,9,male,unprepared
29,1,female,unprepared
29,1,female,unprepared
29,2,female,unprepared
29,2,female,unprepared
29,2,female,unprepared
29,2,female,unprepared
29,2,female,unprepared
29,2,female,unprepared
29,2,female,unprepared
29,2,female,unprepared
29,2,female,unprepared
29,2,female,unprepared
29,2,female,unprepared
29,2,female,unprepared
29,2,female,unprepared
29,2,female,unprepared
29,2,female,unprepared
29,3,female,unprepared
29,3,female,unprepared
29,3,female,unprepared
29,3,female,unprepared
29,3,female,unprepared
29,3,female,unprepared
29,3,female,unprepared
29,3,female,unprepared
29,3,female,unprepared
29,3,female,unprepared
29,3,female,unprepared
29,3,female,unprepared
29,3,female,unprepared
29,4,female,unprepared
29,4,female,unprepared
29,4,female,unprepared
29,5,female,unprepared
29,5,female,unprepared
29,5,female,unprepared
29,6,female,unprepared
29,6,female,unprepared
29,6,female,unprepared
29,6,female,unprepared
29,7,female,unprepared
29,10,female,unprepared
29,1,male,prepared
29,1,male,prepared
29,1,male,prepared
29,2,male,prepared
29,2,male,prepared
29,2,male,prepared
29,2,male,prepared
29,3,male,prepared
29,3,male,prepared
29,5,male,prepared
29,6,male,prepared
29,6,male,prepared
29,7,male,prepared
29,7,male,prepared
29,1,female,prepared
29,1,female,prepared
29,1,female,prepared
29,1,female,prepared
29,1,female,prepared
29,1,female,prepared
29,2,female,prepared
29,2,female,prepared
29,2,female,prepared
29,2,female,prepared
29,2,female,prepared
29,2,female,prepared
29,2,female,prepared
29,2,female,prepared
29,2,female,prepared
29,2,female,prepared
29,2,female,prepared
29,2,female,prepared
29,3,female,prepared
29,3,female,prepared
29,3,female,prepared
29,4,female,prepared
29,4,female,prepared
29,4,female,prepared
29,5,female,prepared
29,5,female,prepared
29,6,female,prepared
29,6,female,prepared
29,6,female,prepared
29,7,female,prepared
29,7,female,prepared
30,1,male,unprepared
30,1,male,unprepared
30,2,male,unprepared
30,2,male,unprepared
30,2,male,unprepared
30,2,male,unprepared
30,2,male,unprepared
30,2,male,unprepared
30,2,male,unprepared
30,2,male,unprepared
30,2,male,unprepared
30,3,male,unprepared
30,3,male,unprepared
30,3,male,unprepared
30,3,male,unprepared
30,3,male,unprepared
30,3,male,unprepared
30,3,male,unprepared
30,4,male,unprepared
30,4,male,unprepared
30,4,male,unprepared
30,5,male,unprepared
30,5,male,unprepared
30,5,male,unprepared
30,5,male,unprepared
30,5,male,unprepared
30,5,male,unprepared
30,5,male,unprepared
30,5,male,unprepared
30,5,male,unprepared
30,5,male,unprepared
30,5,male,unprepared
30,5,male,unprepared
30,5,male,unprepared
30,5,male,unprepared
30,6,male,unprepared
30,6,male,unprepared
30,6,male,unprepared
30,7,male,unprepared
30,7,male,unprepared
30,7,male,unprepared
30,7,male,unprepared
30,7,male,unprepared
30,8,male,unprepared
30,8,male,unprepared
30,8,male,unprepared
30,9,male,unprepared
30,10,male,unprepared
30,10,male,unprepared
30,10,male,unprepared
30,1,female,unprepared
30,2,female,unprepared
30,3,female,unprepared
30,3,female,unprepared
30,3,female,unprepared
30,3,female,unprepared
30,4,female,unprepared
30,4,female,unprepared
30,4,female,unprepared
30,5,female,unprepared
30,5,female,unprepared
30,5,female,unprepared
30,5,female,unprepared
30,5,female,unprepared
30,5,female,unprepared
30,5,female,unprepared
30,5,female,unprepared
30,5,female,unprepared
30,5,female,unprepared
30,5,female,unprepared
30,5,female,unprepared
30,5,female,unprepared
30,5,female,unprepared
30,5,female,unprepared
30,5,female,unprepared
30,5,female,unprepared
30,5,female,unprepared
30,5,female,unprepared
30,6,female,unprepared
30,6,female,unprepared
30,6,female,unprepared
30,6,female,unprepared
30,6,female,unprepared
30,6,female,unprepared
30,6,female,unprepared
30,6,female,unprepared
30,7,female,unprepared
30,7,female,unprepared
30,7,female,unprepared
30,7,female,unprepared
30,7,female,unprepared
30,7,female,unprepared
30,7,female,unprepared
30,8,female,unprepared
30,8,female,unprepared
30,8,female,unprepared
30,8,female,unprepared
30,8,female,unprepared
30,9,female,unprepared
30,9,female,unprepared
30,10,female,unprepared
30,10,female,unprepared
30,10,female,unprepared
30,10,female,unprepared
30,1,male,prepared
30,1,male,prepared
30,2,male,prepared
30,2,male,prepared
30,2,male,prepared
30,2,male,prepared
30,2,male,prepared
30,2,male,prepared
30,3,male,prepared
30,3,male,prepared
30,3,male,prepared
30,3,male,prepared
30,3,male,prepared
30,4,male,prepared
30,4,male,prepared
30,5,male,prepared
30,5,male,prepared
30,5,male,prepared
30,5,male,prepared
30,5,male,prepared
30,5,male,prepared
30,5,male,prepared
30,6,male,prepared
30,6,male,prepared
30,6,male,prepared
30,7,male,prepared
30,7,male,prepared
30,7,male,prepared
30,7,male,prepared
30,7,male,prepared
30,7,male,prepared
30,7,male,prepared
30,7,male,prepared
30,8,male,prepared
30,8,male,prepared
30,8,male,prepared
30,8,male,prepared
30,8,male,prepared
30,8,male,prepared
30,9,male,prepared
30,9,male,prepared
30,10,male,prepared
30,10,male,prepared
30,10,male,prepared
30,10,male,prepared
30,1,female,prepared
30,1,female,prepared
30,2,female,prepared
30,2,female,prepared
30,2,female,prepared
30,2,female,prepared
30,2,female,prepared
30,3,female,prepared
30,3,female,prepared
30,3,female,prepared
30,3,female,prepared
30,4,female,prepared
30,4,female,prepared
30,4,female,prepared
30,4,female,prepared
30,4,female,prepared
30,4,female,prepared
30,4,female,prepared
30,4,female,prepared
30,4,female,prepared
30,4,female,prepared
30,4,female,prepared
30,5,female,prepared
30,5,female,prepared
30,5,female,prepared
30,5,female,prepared
30,5,female,prepared
30,5,female,prepared
30,5,female,prepared
30,5,female,prepared
30,5,female,prepared
30,5,female,prepared
30,5,female,prepared
30,5,female,prepared
30,5,female,prepared
30,5,female,prepared
30,5,female,prepared
30,5,female,prepared
30,5,female,prepared
30,5,female,prepared
30,5,female,prepared
30,5,female,prepared
30,6,female,prepared
30,6,female,prepared
30,7,female,prepared
30,7,female,prepared
30,7,female,prepared
30,7,female,prepared
30,8,female,prepared
30,8,female,prepared
30,8,female,prepared
30,9,female,prepared
30,10,female,prepared
30,10,female,prepared
31,1,male,unprepared
31,1,male,unprepared
31,1,male,unprepared
31,1,male,unprepared
31,1,male,unprepared
31,1,male,unprepared
31,2,male,unprepared
31,2,male,unprepared
31,3,male,unprepared
31,5,male,unprepared
31,6,male,unprepared
31,7,male,unprepared
31,8,male,unprepared
31,8,male,unprepared
31,10,male,unprepared
31,1,female,unprepared
31,1,female,unprepared
31,1,female,unprepared
31,1,female,unprepared
31,2,female,unprepared
31,2,female,unprepared
31,2,female,unprepared
31,2,female,unprepared
31,2,female,unprepared
31,3,female,unprepared
31,4,female,unprepared
31,4,female,unprepared
31,4,female,unprepared
31,5,female,unprepared
31,5,female,unprepared
31,5,female,unprepared
31,5,female,unprepared
31,6,female,unprepared
31,6,female,unprepared
31,6,female,unprepared
31,6,female,unprepared
31,7,female,unprepared
31,7,female,unprepared
31,1,male,prepared
31,1,male,prepared
31,1,male,prepared
31,1,male,prepared
31,2,male,prepared
31,2,male,prepared
31,2,male,prepared
31,3,male,prepared
31,3,male,prepared
31,3,male,prepared
31,6,male,prepared
31,7,male,prepared
31,7,male,prepared
31,1,female,prepared
31,1,female,prepared
31,2,female,prepared
31,2,female,prepared
31,2,female,prepared
31,2,female,prepared
31,2,female,prepared
31,2,female,prepared
31,2,female,prepared
31,2,female,prepared
31,2,female,prepared
31,3,female,prepared
31,3,female,prepared
31,3,female,prepared
31,3,female,prepared
31,3,female,prepared
31,3,female,prepared
31,3,female,prepared
31,4,female,prepared
31,4,female,prepared
31,4,female,prepared
31,4,female,prepared
31,4,female,prepared
31,4,female,prepared
31,5,female,prepared
31,5,female,prepared
31,5,female,prepared
31,7,female,prepared
31,7,female,prepared
31,7,female,prepared
31,7,female,prepared
31,9,female,prepared
32,1,male,unprepared
32,1,male,unprepared
32,2,male,unprepared
32,3,male,unprepared
32,4,male,unprepared
32,5,male,unprepared
32,5,male,unprepared
32,7,male,unprepared
32,9,male,unprepared
32,1,female,unprepared
32,2,female,unprepared
32,2,female,unprepared
32,2,female,unprepared
32,2,female,unprepared
32,2,female,unprepared
32,2,female,unprepared
32,3,female,unprepared
32,3,female,unprepared
32,3,female,unprepared
32,3,female,unprepared
32,3,female,unprepared
32,4,female,unprepared
32,4,female,unprepared
32,4,female,unprepared
32,4,female,unprepared
32,5,female,unprepared
32,5,female,unprepared
32,5,female,unprepared
32,5,female,unprepared
32,5,female,unprepared
32,5,female,unprepared
32,5,female,unprepared
32,5,female,unprepared
32,5,female,unprepared
32,5,female,unprepared
32,5,female,unprepared
32,6,female,unprepared
32,6,female,unprepared
32,6,female,unprepared
32,7,female,unprepared
32,7,female,unprepared
32,7,female,unprepared
32,7,female,unprepared
32,1,male,prepared
32,2,male,prepared
32,2,male,prepared
32,2,male,prepared
32,2,male,prepared
32,3,male,prepared
32,5,male,prepared
32,5,male,prepared
32,5,male,prepared
32,7,male,prepared
32,8,male,prepared
32,10,male,prepared
32,10,male,prepared
32,1,female,prepared
32,1,female,prepared
32,1,female,prepared
32,2,female,prepared
32,2,female,prepared
32,2,female,prepared
32,3,female,prepared
32,3,female,prepared
32,4,female,prepared
32,4,female,prepared
32,4,female,prepared
32,4,female,prepared
32,5,female,prepared
32,5,female,prepared
32,5,female,prepared
32,5,female,prepared
32,5,female,prepared
32,5,female,prepared
32,5,female,prepared
32,6,female,prepared
32,6,female,prepared
32,7,female,prepared
32,7,female,prepared
32,7,female,prepared
32,7,female,prepared
32,8,female,prepared
32,8,female,prepared
32,8,female,prepared
33,1,male,unprepared
33,1,male,unprepared
33,2,male,unprepared
33,2,male,unprepared
33,3,male,unprepared
33,3,male,unprepared
33,3,male,unprepared
33,3,male,unprepared
33,3,male,unprepared
33,3,male,unprepared
33,5,male,unprepared
33,5,male,unprepared
33,5,male,unprepared
33,6,male,unprepared
33,1,female,unprepared
33,2,female,unprepared
33,2,female,unprepared
33,2,female,unprepared
33,2,female,unprepared
33,2,female,unprepared
33,3,female,unprepared
33,3,female,unprepared
33,3,female,unprepared
33,3,female,unprepared
33,3,female,unprepared
33,4,female,unprepared
33,4,female,unprepared
33,5,female,unprepared
33,5,female,unprepared
33,5,female,unprepared
33,6,female,unprepared
33,6,female,unprepared
33,6,female,unprepared
33,6,female,unprepared
33,6,female,unprepared
33,6,female,unprepared
33,6,female,unprepared
33,6,female,unprepared
33,7,female,unprepared
33,7,female,unprepared
33,7,female,unprepared
33,7,female,unprepared
33,7,female,unprepared
33,8,female,unprepared
33,8,female,unprepared
33,8,female,unprepared
33,8,female,unprepared
33,10,female,unprepared
33,1,male,prepared
33,1,male,prepared
33,1,male,prepared
33,1,male,prepared
33,2,male,prepared
33,2,male,prepared
33,2,male,prepared
33,3,male,prepared
33,4,male,prepared
33,5,male,prepared
33,6,male,prepared
33,6,male,prepared
33,6,male,prepared
33,7,male,prepared
33,1,female,prepared
33,1,female,prepared
33,1,female,prepared
33,1,female,prepared
33,1,female,prepared
33,1,female,prepared
33,1,female,prepared
33,2,female,prepared
33,2,female,prepared
33,2,female,prepared
33,2,female,prepared
33,2,female,prepared
33,2,female,prepared
33,3,female,prepared
33,3,female,prepared
33,3,female,prepared
33,4,female,prepared
33,4,female,prepared
33,4,female,prepared
33,4,female,prepared
33,4,female,prepared
33,5,female,prepared
33,5,female,prepared
33,5,female,prepared
33,5,female,prepared
33,5,female,prepared
33,5,female,prepared
33,6,female,prepared
33,6,female,prepared
33,6,female,prepared
33,7,female,prepared
33,7,female,prepared
33,10,female,prepared
34,1,male,unprepared
34,1,male,unprepared
34,1,male,unprepared
34,2,male,unprepared
34,2,male,unprepared
34,2,male,unprepared
34,3,male,unprepared
34,3,male,unprepared
34,4,male,unprepared
34,5,male,unprepared
34,5,male,unprepared
34,5,male,unprepared
34,5,male,unprepared
34,5,male,unprepared
34,6,male,unprepared
34,8,male,unprepared
34,9,male,unprepared
34,1,female,unprepared
34,1,female,unprepared
34,1,female,unprepared
34,1,female,unprepared
34,2,female,unprepared
34,2,female,unprepared
34,2,female,unprepared
34,3,female,unprepared
34,4,female,unprepared
34,4,female,unprepared
34,4,female,unprepared
34,4,female,unprepared
34,4,female,unprepared
34,5,female,unprepared
34,5,female,unprepared
34,6,female,unprepared
34,6,female,unprepared
34,7,female,unprepared
34,7,female,unprepared
34,8,female,unprepared
34,10,female,unprepared
34,10,female,unprepared
34,1,male,prepared
34,1,male,prepared
34,1,male,prepared
34,1,male,prepared
34,1,male,prepared
34,1,male,prepared
34,1,male,prepared
34,2,male,prepared
34,2,male,prepared
34,2,male,prepared
34,3,male,prepared
34,3,male,prepared
34,4,male,prepared
34,4,male,prepared
34,4,male,prepared
34,4,male,prepared
34,5,male,prepared
34,5,male,prepared
34,5,male,prepared
34,6,male,prepared
34,7,male,prepared
34,8,male,prepared
34,10,male,prepared
34,1,female,prepared
34,2,female,prepared
34,2,female,prepared
34,2,female,prepared
34,2,female,prepared
34,2,female,prepared
34,2,female,prepared
34,2,female,prepared
34,3,female,prepared
34,3,female,prepared
34,3,female,prepared
34,3,female,prepared
34,3,female,prepared
34,3,female,prepared
34,4,female,prepared
34,4,female,prepared
34,4,female,prepared
34,5,female,prepared
34,5,female,prepared
34,5,female,prepared
34,5,female,prepared
34,5,female,prepared
34,5,female,prepared
34,6,female,prepared
34,6,female,prepared
34,6,female,prepared
34,6,female,prepared
34,6,female,prepared
34,6,female,prepared
34,6,female,prepared
34,6,female,prepared
34,7,female,prepared
34,8,female,prepared
35,1,male,unprepared
35,2,male,unprepared
35,2,male,unprepared
35,2,male,unprepared
35,3,male,unprepared
35,3,male,unprepared
35,4,male,unprepared
35,4,male,unprepared
35,4,male,unprepared
35,5,male,unprepared
35,5,male,unprepared
35,6,male,unprepared
35,1,female,unprepared
35,1,female,unprepared
35,2,female,unprepared
35,2,female,unprepared
35,2,female,unprepared
35,2,female,unprepared
35,2,female,unprepared
35,2,female,unprepared
35,3,female,unprepared
35,3,female,unprepared
35,3,female,unprepared
35,4,female,unprepared
35,4,female,unprepared
35,5,female,unprepared
35,5,female,unprepared
35,5,female,unprepared
35,5,female,unprepared
35,5,female,unprepared
35,5,female,unprepared
35,6,female,unprepared
35,6,female,unprepared
35,6,female,unprepared
35,7,female,unprepared
35,7,female,unprepared
35,7,female,unprepared
35,7,female,unprepared
35,7,female,unprepared
35,7,female,unprepared
35,8,female,unprepared
35,8,female,unprepared
35,9,female,unprepared
35,9,female,unprepared
35,1,male,prepared
35,1,male,prepared
35,2,male,prepared
35,2,male,prepared
35,2,male,prepared
35,2,male,prepared
35,3,male,prepared
35,5,male,prepared
35,6,male,prepared
35,6,male,prepared
35,1,female,prepared
35,1,female,prepared
35,1,female,prepared
35,1,female,prepared
35,1,female,prepared
35,2,female,prepared
35,2,female,prepared
35,2,female,prepared
35,2,female,prepared
35,2,female,prepared
35,2,female,prepared
35,2,female,prepared
35,2,female,prepared
35,2,female,prepared
35,3,female,prepared
35,3,female,prepared
35,3,female,prepared
35,3,female,prepared
35,3,female,prepared
35,4,female,prepared
35,4,female,prepared
35,4,female,prepared
35,4,female,prepared
35,4,female,prepared
35,5,female,prepared
35,5,female,prepared
35,5,female,prepared
35,5,female,prepared
35,5,female,prepared
35,6,female,prepared
35,6,female,prepared
35,6,female,prepared
35,6,female,prepared
35,7,female,prepared
35,7,female,prepared
35,7,female,prepared
35,8,female,prepared
35,8,female,prepared
35,8,female,prepared
35,8,female,prepared
35,9,female,prepared
35,10,female,prepared
35,10,female,prepared
36,1,male,unprepared
36,1,male,unprepared
36,2,male,unprepared
36,2,male,unprepared
36,3,male,unprepared
36,3,male,unprepared
36,3,male,unprepared
36,4,male,unprepared
36,4,male,unprepared
36,4,male,unprepared
36,4,male,unprepared
36,4,male,unprepared
36,5,male,unprepared
36,5,male,unprepared
36,5,male,unprepared
36,5,male,unprepared
36,5,male,unprepared
36,5,male,unprepared
36,6,male,unprepared
36,7,male,unprepared
36,7,male,unprepared
36,1,female,unprepared
36,2,female,unprepared
36,2,female,unprepared
36,2,female,unprepared
36,2,female,unprepared
36,2,female,unprepared
36,2,female,unprepared
36,2,female,unprepared
36,3,female,unprepared
36,3,female,unprepared
36,3,female,unprepared
36,3,female,unprepared
36,3,female,unprepared
36,3,female,unprepared
36,3,female,unprepared
36,3,female,unprepared
36,4,female,unprepared
36,4,female,unprepared
36,4,female,unprepared
36,4,female,unprepared
36,4,female,unprepared
36,4,female,unprepared
36,4,female,unprepared
36,4,female,unprepared
36,5,female,unprepared
36,5,female,unprepared
36,5,female,unprepared
36,5,female,unprepared
36,5,female,unprepared
36,5,female,unprepared
36,5,female,unprepared
36,5,female,unprepared
36,5,female,unprepared
36,5,female,unprepared
36,5,female,unprepared
36,6,female,unprepared
36,6,female,unprepared
36,6,female,unprepared
36,6,female,unprepared
36,6,female,unprepared
36,6,female,unprepared
36,6,female,unprepared
36,6,female,unprepared
36,6,female,unprepared
36,6,female,unprepared
36,6,female,unprepared
36,6,female,unprepared
36,6,female,unprepared
36,7,female,unprepared
36,7,female,unprepared
36,7,female,unprepared
36,7,female,unprepared
36,7,female,unprepared
36,7,female,unprepared
36,7,female,unprepared
36,7,female,unprepared
36,7,female,unprepared
36,7,female,unprepared
36,8,female,unprepared
36,8,female,unprepared
36,8,female,unprepared
36,8,female,unprepared
36,8,female,unprepared
36,8,female,unprepared
36,9,female,unprepared
36,9,female,unprepared
36,9,female,unprepared
36,9,female,unprepared
36,1,male,prepared
36,1,male,prepared
36,2,male,prepared
36,2,male,prepared
36,3,male,prepared
36,3,male,prepared
36,4,male,prepared
36,4,male,prepared
36,6,male,prepared
36,6,male,prepared
36,7,male,prepared
36,8,male,prepared
36,10,male,prepared
36,1,female,prepared
36,1,female,prepared
36,1,female,prepared
36,2,female,prepared
36,2,female,prepared
36,2,female,prepared
36,2,female,prepared
36,2,female,prepared
36,2,female,prepared
36,2,female,prepared
36,3,female,prepared
36,3,female,prepared
36,3,female,prepared
36,3,female,prepared
36,3,female,prepared
36,3,female,prepared
36,3,female,prepared
36,3,female,prepared
36,3,female,prepared
36,3,female,prepared
36,4,female,prepared
36,4,female,prepared
36,4,female,prepared
36,4,female,prepared
36,4,female,prepared
36,4,female,prepared
36,4,female,prepared
36,4,female,prepared
36,5,female,prepared
36,5,female,prepared
36,5,female,prepared
36,5,female,prepared
36,5,female,prepared
36,5,female,prepared
36,5,female,prepared
36,5,female,prepared
36,5,female,prepared
36,5,female,prepared
36,5,female,prepared
36,5,female,prepared
36,6,female,prepared
36,6,female,prepared
36,6,female,prepared
36,6,female,prepared
36,6,female,prepared
36,6,female,prepared
36,6,female,prepared
36,6,female,prepared
36,6,female,prepared
36,6,female,prepared
36,7,female,prepared
36,8,female,prepared
36,8,female,prepared
36,8,female,prepared
36,9,female,prepared
37,1,male,unprepared
37,1,male,unprepared
37,1,male,unprepared
37,1,male,unprepared
37,1,male,unprepared
37,1,male,unprepared
37,1,male,unprepared
37,1,male,unprepared
37,1,male,unprepared
37,1,male,unprepared
37,1,male,unprepared
37,1,male,unprepared
37,1,male,unprepared
37,1,male,unprepared
37,1,male,unprepared
37,1,male,unprepared
37,1,male,unprepared
37,1,male,unprepared
37,1,male,unprepared
37,1,male,unprepared
37,1,male,unprepared
37,1,male,unprepared
37,1,male,unprepared
37,2,male,unprepared
37,2,male,unprepared
37,2,male,unprepared
37,2,male,unprepared
37,2,male,unprepared
37,2,male,unprepared
37,2,male,unprepared
37,2,male,unprepared
37,2,male,unprepared
37,2,male,unprepared
37,2,male,unprepared
37,2,male,unprepared
37,2,male,unprepared
37,2,male,unprepared
37,2,male,unprepared
37,2,male,unprepared
37,3,male,unprepared
37,3,male,unprepared
37,3,male,unprepared
37,3,male,unprepared
37,3,male,unprepared
37,3,male,unprepared
37,3,male,unprepared
37,3,male,unprepared
37,4,male,unprepared
37,4,male,unprepared
37,4,male,unprepared
37,4,male,unprepared
37,4,male,unprepared
37,4,male,unprepared
37,5,male,unprepared
37,5,male,unprepared
37,5,male,unprepared
37,5,male,unprepared
37,5,male,unprepared
37,6,male,unprepared
37,6,male,unprepared
37,6,male,unprepared
37,6,male,unprepared
37,7,male,unprepared
37,7,male,unprepared
37,7,male,unprepared
37,7,male,unprepared
37,8,male,unprepared
37,8,male,unprepared
37,8,male,unprepared
37,8,male,unprepared
37,8,male,unprepared
37,8,male,unprepared
37,9,male,unprepared
37,9,male,unprepared
37,9,male,unprepared
37,10,male,unprepared
37,1,female,unprepared
37,1,female,unprepared
37,1,female,unprepared
37,1,female,unprepared
37,1,female,unprepared
37,1,female,unprepared
37,1,female,unprepared
37,1,female,unprepared
37,1,female,unprepared
37,1,female,unprepared
37,1,female,unprepared
37,1,female,unprepared
37,1,female,unprepared
37,2,female,unprepared
37,2,female,unprepared
37,2,female,unprepared
37,2,female,unprepared
37,2,female,unprepared
37,2,female,unprepared
37,2,female,unprepared
37,2,female,unprepared
37,2,female,unprepared
37,2,female,unprepared
37,2,female,unprepared
37,2,female,unprepared
37,2,female,unprepared
37,2,female,unprepared
37,2,female,unprepared
37,3,female,unprepared
37,3,female,unprepared
37,3,female,unprepared
37,3,female,unprepared
37,3,female,unprepared
37,3,female,unprepared
37,3,female,unprepared
37,3,female,unprepared
37,3,female,unprepared
37,3,female,unprepared
37,3,female,unprepared
37,3,female,unprepared
37,3,female,unprepared
37,3,female,unprepared
37,3,female,unprepared
37,3,female,unprepared
37,3,female,unprepared
37,4,female,unprepared
37,4,female,unprepared
37,4,female,unprepared
37,4,female,unprepared
37,4,female,unprepared
37,4,female,unprepared
37,4,female,unprepared
37,4,female,unprepared
37,5,female,unprepared
37,5,female,unprepared
37,5,female,unprepared
37,5,female,unprepared
37,5,female,unprepared
37,5,female,unprepared
37,5,female,unprepared
37,6,female,unprepared
37,6,female,unprepared
37,6,female,unprepared
37,7,female,unprepared
37,7,female,unprepared
37,7,female,unprepared
37,7,female,unprepared
37,7,female,unprepared
37,7,female,unprepared
37,7,female,unprepared
37,7,female,unprepared
37,7,female,unprepared
37,8,female,unprepared
37,8,female,unprepared
37,8,female,unprepared
37,8,female,unprepared
37,8,female,unprepared
37,8,female,unprepared
37,1,male,prepared
37,1,male,prepared
37,1,male,prepared
37,1,male,prepared
37,1,male,prepared
37,1,male,prepared
37,1,male,prepared
37,1,male,prepared
37,1,male,prepared
37,1,male,prepared
37,1,male,prepared
37,1,male,prepared
37,1,male,prepared
37,1,male,prepared
37,1,male,prepared
37,1,male,prepared
37,1,male,prepared
37,1,male,prepared
37,1,male,prepared
37,1,male,prepared
37,1,male,prepared
37,1,male,prepared
37,1,male,prepared
37,2,male,prepared
37,2,male,prepared
37,2,male,prepared
37,2,male,prepared
37,2,male,prepared
37,2,male,prepared
37,2,male,prepared
37,2,male,prepared
37,2,male,prepared
37,2,male,prepared
37,2,male,prepared
37,2,male,prepared
37,3,male,prepared
37,3,male,prepared
37,3,male,prepared
37,3,male,prepared
37,3,male,prepared
37,3,male,prepared
37,3,male,prepared
37,4,male,prepared
37,4,male,prepared
37,4,male,prepared
37,5,male,prepared
37,5,male,prepared
37,6,male,prepared
37,6,male,prepared
37,7,male,prepared
37,7,male,prepared
37,8,male,prepared
37,1,female,prepared
37,1,female,prepared
37,1,female,prepared
37,1,female,prepared
37,1,female,prepared
37,1,female,prepared
37,1,female,prepared
37,1,female,prepared
37,1,female,prepared
37,1,female,prepared
37,1,female,prepared
37,1,female,prepared
37,1,female,prepared
37,1,female,prepared
37,1,female,prepared
37,1,female,prepared
37,1,female,prepared
37,1,female,prepared
37,1,female,prepared
37,1,female,prepared
37,2,female,prepared
37,2,female,prepared
37,2,female,prepared
37,2,female,prepared
37,2,female,prepared
37,2,female,prepared
37,2,female,prepared
37,2,female,prepared
37,2,female,prepared
37,2,female,prepared
37,2,female,prepared
37,2,female,prepared
37,3,female,prepared
37,3,female,prepared
37,3,female,prepared
37,3,female,prepared
37,3,female,prepared
37,3,female,prepared
37,3,female,prepared
37,3,female,prepared
37,3,female,prepared
37,3,female,prepared
37,3,female,prepared
37,3,female,prepared
37,3,female,prepared
37,3,female,prepared
37,3,female,prepared
37,3,female,prepared
37,3,female,prepared
37,4,female,prepared
37,4,female,prepared
37,4,female,prepared
37,4,female,prepared
37,4,female,prepared
37,4,female,prepared
37,4,female,prepared
37,4,female,prepared
37,4,female,prepared
37,5,female,prepared
37,5,female,prepared
37,5,female,prepared
37,5,female,prepared
37,5,female,prepared
37,5,female,prepared
37,6,female,prepared
37,6,female,prepared
37,6,female,prepared
37,6,female,prepared
37,6,female,prepared
37,6,female,prepared
37,7,female,prepared
37,7,female,prepared
37,7,female,prepared
37,7,female,prepared
37,7,female,prepared
37,8,female,prepared
37,10,female,prepared
